CustomerID,Title,FirstName,MiddleName,LastName,CompanyName,EmailAddress,Phone
1,Mr.,Orlando,N.,Gee,A Bike Store,orlando0@adventure-works.com,245-555-0173
2,Mr.,Keith,NULL,Harris,Progressive Sports,keith0@adventure-works.com,170-555-0127
3,Ms.,Donna,F.,Carreras,Advanced Bike Components,donna0@adventure-works.com,279-555-0130
4,Ms.,Janet,M.,Gates,Modular Cycle Systems,janet1@adventure-works.com,710-555-0173
5,Mr.,Lucy,NULL,Harrington,Metropolitan Sports Supply,lucy0@adventure-works.com,828-555-0186
6,Ms.,Rosmarie,J.,Carroll,Aerobic Exercise Company,rosmarie0@adventure-works.com,244-555-0112
7,Mr.,Dominic,P.,Gash,Associated Bikes,dominic0@adventure-works.com,192-555-0173
10,Ms.,Kathleen,M.,Garza,Rural Cycle Emporium,kathleen0@adventure-works.com,150-555-0127
11,Ms.,Katherine,NULL,Harding,Sharp Bikes,katherine0@adventure-works.com,926-555-0159
12,Mr.,Johnny,A.,Caprio,Bikes and Motorbikes,johnny0@adventure-works.com,112-555-0191
16,Mr.,Christopher,R.,Beck,Bulk Discount Store,christopher1@adventure-works.com,1 (11) 500 555-0132
18,Mr.,David,J.,Liu,Catalog Store,david20@adventure-works.com,440-555-0132
19,Mr.,John,A.,Beaver,Center Cycle Shop,john8@adventure-works.com,521-555-0195
20,Ms.,Jean,P.,Handley,Central Discount Store,jean1@adventure-works.com,582-555-0113
21,NULL,Jinghao,NULL,Liu,Chic Department Stores,jinghao1@adventure-works.com,928-555-0116
22,Ms.,Linda,E.,Burnett,Travel Systems,linda4@adventure-works.com,121-555-0121
23,Mr.,Kerim,NULL,Hanif,Bike World,kerim0@adventure-works.com,216-555-0122
24,Mr.,Kevin,NULL,Liu,Eastside Department Store,kevin5@adventure-works.com,926-555-0164
25,Mr.,Donald,L.,Blanton,Coalition Bike Company,donald0@adventure-works.com,357-555-0161
28,Ms.,Jackie,E.,Blackwell,Commuter Bicycle Store,jackie0@adventure-works.com,972-555-0163
29,Mr.,Bryan,NULL,Hamilton,Cross-Country Riding Supplies,bryan2@adventure-works.com,344-555-0144
30,Mr.,Todd,R.,Logan,Cycle Merchants,todd0@adventure-works.com,783-555-0110
34,Ms.,Barbara,J.,German,Cycles Wholesaler & Mfg.,barbara4@adventure-works.com,1 (11) 500 555-0181
37,Mr.,Jim,NULL,Geist,Two Bike Shops,jim1@adventure-works.com,724-555-0161
38,Ms.,Betty,M.,Haines,Finer Mart,betty0@adventure-works.com,867-555-0114
39,Ms.,Sharon,J.,Looney,Fitness Hotel,sharon2@adventure-works.com,377-555-0132
40,Mr.,Darren,NULL,Gehring,Journey Sporting Goods,darren0@adventure-works.com,417-555-0182
41,Ms.,Erin,M.,Hagens,Distant Inn,erin1@adventure-works.com,244-555-0127
42,Mr.,Jeremy,NULL,Los,Healthy Activity Store,jeremy0@adventure-works.com,911-555-0165
43,Ms.,Elsa,NULL,Leavitt,Frugal Bike Shop,elsa0@adventure-works.com,482-555-0174
46,Mr.,David,O,Lawrence,Gear-Shift Bikes Limited,david19@adventure-works.com,653-555-0159
47,Ms.,Hattie,J.,Haemon,Greater Bike Store,hattie0@adventure-works.com,141-555-0172
48,Ms.,Anita,R.,Lucerne,Grand Industries,anita0@adventure-works.com,164-555-0118
52,Ms.,Rebecca,NULL,Laszlo,Instruments and Parts Company,rebecca2@adventure-works.com,1 (11) 500 555-0155
55,Mr.,Eric,NULL,Lang,Kickstands and Accessories Company,eric6@adventure-works.com,932-555-0163
56,Mr.,Brian,NULL,Groth,Latest Accessories Sales,brian5@adventure-works.com,461-555-0118
57,Ms.,Judy,R.,Lundahl,Leading Sales & Repair,judy1@adventure-works.com,260-555-0130
58,Mr.,Peter,NULL,Kurniawan,Largest Bike Store,peter4@adventure-works.com,436-555-0160
59,Mr.,Douglas,NULL,Groncki,Locks Company,douglas2@adventure-works.com,385-555-0140
60,Mr.,Sean,J.,Lunt,Main Bicycle Services,sean4@adventure-works.com,183-555-0111
61,Mr.,Jeffrey,NULL,Kurtz,Many Bikes Store,jeffrey3@adventure-works.com,452-555-0179
64,Mr.,Vamsi,NULL,Kuppa,Metal Clearing House,vamsi1@adventure-works.com,290-555-0196
65,Ms.,Jane,P.,Greer,Metro Manufacturing,jane2@adventure-works.com,737-555-0163
66,Mr.,Alexander,J.,Deborde,Neighborhood Store,alexander1@adventure-works.com,394-555-0176
70,Mr.,Deepak,NULL,Kumar,Outdoor Aerobic Systems Company,deepak0@adventure-works.com,1 (11) 500 555-0122
73,Ms.,Margaret,T.,Krupka,Outdoor Sports Supply,margaret1@adventure-works.com,107-555-0132
74,Mr.,Christopher,M.,Bright,Parcel Express Delivery Service,christopher2@adventure-works.com,162-555-0166
75,Ms.,Aidan,NULL,Delaney,Paint Supply,aidan0@adventure-works.com,358-555-0188
76,Mr.,James,J.,Krow,Out-of-the-Way Hotels,james11@adventure-works.com,265-555-0190
77,Mr.,Michael,NULL,Brundage,Mechanical Products Ltd.,michael13@adventure-works.com,128-555-0148
78,Mr.,Stefan,NULL,Delmarco,Preferred Bikes,stefan0@adventure-works.com,819-555-0186
79,Mr.,Mitch,NULL,Kennedy,Reasonable Bicycle Sales,mitch0@adventure-works.com,996-555-0192
82,Mr.,James,D.,Kramer,Refined Department Stores,james10@adventure-works.com,814-555-0130
83,Mr.,Eric,J.,Brumfield,Requisite Part Supply,eric3@adventure-works.com,644-555-0114
84,Ms.,Della,F.,Demott Jr,Rewarding Activities Company,della0@adventure-works.com,752-555-0185
88,Ms.,Pamala,M.,Kotc,Closest Bicycle Store,pamala0@adventure-works.com,1 (11) 500 555-0173
91,Ms.,Joy,R.,Koski,Scooters and Bikes Store,joy0@adventure-works.com,810-555-0198
92,Ms.,Jovita,A.,Carmody,Sports Commodities,jovita0@adventure-works.com,646-555-0137
93,Mr.,Prashanth,NULL,Desai,Stationary Bikes and Stands,prashanth0@adventure-works.com,138-555-0156
94,Mr.,Scott,NULL,Konersmann,Specialty Sports Store,scott6@adventure-works.com,556-555-0192
95,Ms.,Jane,N.,Carmichael,Rural Department Store,jane0@adventure-works.com,716-555-0167
96,Ms.,Bonnie,B.,Lepro,More Bikes!,bonnie2@adventure-works.com,354-555-0130
97,Mr.,Eugene,NULL,Kogan,Mountain Bike Center,eugene2@adventure-works.com,136-555-0134
100,Mr.,Kirk,T,King,Up-To-Date Sports,kirk2@adventure-works.com,979-555-0163
101,Mr.,William,J.,Conner,Urban Sports Emporium,william1@adventure-works.com,383-555-0111
102,Ms.,Linda,NULL,Leste,National Manufacturing,linda7@adventure-works.com,493-555-0134
106,Ms.,Andrea,A.,Thomsen,West Side Mart,andrea1@adventure-works.com,1 (11) 500 555-0120
109,Mr.,Daniel,P.,Thompson,Travel Sports,daniel2@adventure-works.com,247-555-0197
110,Ms.,Kendra,N.,Thompson,Vintage Sport Boutique,kendra0@adventure-works.com,464-555-0188
111,Mr.,Scott,A.,Colvin,Westside Cycle Store,scott1@adventure-works.com,119-555-0144
112,Ms.,Elsie,L.,Lewin,Town Industries,elsie0@adventure-works.com,803-555-0116
113,Mr.,Donald,M.,Thompson,Trendy Department Stores,donald1@adventure-works.com,273-555-0111
114,Mr.,John,L.,Colon,Two Wheels Cycle Store,john14@adventure-works.com,397-555-0144
115,Mr.,George,Z.,Li,Security Racks and Locks Wholesalers,george3@adventure-works.com,699-555-0183
118,Mr.,Yale,NULL,Li,Rapid Bikes,yale0@adventure-works.com,316-555-0138
119,Ms.,Phyllis,A.,Thomas,Red Bicycle Company,phyllis2@adventure-works.com,667-555-0112
120,Mr.,Pat,NULL,Coleman,Machines & Cycles Store,pat2@adventure-works.com,292-555-0128
124,Ms.,Yuhong,NULL,Li,Nearby Sporting Goods,yuhong1@adventure-works.com,1 (11) 500 555-0176
127,Mr.,Joseph,M.,Lique,Front Sporting Goods,joseph2@adventure-works.com,119-555-0195
128,Ms.,Judy,J.,Thames,Demand Distributors,judy3@adventure-works.com,799-555-0118
129,Ms.,Connie,L.,Coffman,Discount Bicycle Specialists,connie0@adventure-works.com,426-555-0181
130,Mr.,Paulo,H.,Lisboa,Elite Bikes,paulo0@adventure-works.com,380-555-0116
131,Ms.,Vanessa,J.,Tench,Eighth Bike Store,vanessa0@adventure-works.com,785-555-0163
132,Ms.,Teanna,M.,Cobb,Another Sporting Goods Company,teanna0@adventure-works.com,661-555-0168
133,Mr.,Michael,NULL,Graff,Commercial Sporting Goods,michael16@adventure-works.com,132-555-0150
136,Mr.,Derek,NULL,Graham,Wholesale Parts,derek0@adventure-works.com,674-555-0187
137,NULL,Gytis,M,Barzdukas,Transportation Options,gytis0@adventure-works.com,257-555-0119
138,Ms.,Jane,NULL,Clayton,South Bike Company,jane1@adventure-works.com,206-555-0195
142,Mr.,Jon,NULL,Grande,Riding Cycles,jon1@adventure-works.com,1 (11) 500 555-0114
145,Mr.,Ted,NULL,Bremer,Raw Materials Inc,ted0@adventure-works.com,962-555-0166
146,Mr.,Richard,NULL,Bready,Latest Sports Equipment,richard1@adventure-works.com,340-555-0131
147,Ms.,Alice,NULL,Clark,Local Hardware Factory,alice1@adventure-works.com,221-555-0141
148,Mr.,Alan,NULL,Brewer,Lots of Bikes Storehouse,alan1@adventure-works.com,494-555-0134
149,Mr.,Cornelius,L.,Brandon,Initial Bike Company,cornelius0@adventure-works.com,229-555-0114
150,Ms.,Jill,J.,Christie,Fleet Bikes,jill1@adventure-works.com,927-555-0198
151,Mr.,Walter,J.,Brian,Futuristic Bikes,walter0@adventure-works.com,163-555-0155
154,Mr.,Carlton,M.,Carlisle,Camping and Sports Store,carlton0@adventure-works.com,193-555-0116
155,Mr.,Joseph,N.,Castellucio,Corner Bicycle Supply,joseph1@adventure-works.com,180-555-0114
156,Mr.,Lester,J.,Bowman,Metal Processing Company,lester0@adventure-works.com,844-555-0112
160,Ms.,Brigid,F.,Cavendish,Vigorous Sports Store,brigid0@adventure-works.com,1 (11) 500 555-0178
163,Mr.,Andrew,NULL,Cencini,Sports Merchandise,andrew2@adventure-works.com,644-555-0111
164,Ms.,Cindy,M.,Dodd,Suburban Cycle Shop,cindy0@adventure-works.com,706-555-0140
165,Mr.,Randall,NULL,Boseman,Third Bike Store,randall0@adventure-works.com,383-555-0117
166,Ms.,Stacey,M.,Cereghino,Fitness Toy Store,stacey0@adventure-works.com,351-555-0131
167,Mr.,Blaine,NULL,Dockter,Farthermost Bike Shop,blaine0@adventure-works.com,156-555-0187
168,Sr.,Luis,NULL,Bonifaz,Economy Bikes Company,luis0@adventure-works.com,688-555-0113
169,Ms.,Brenda,NULL,Diaz,Downtown Hotel,brenda2@adventure-works.com,147-555-0192
172,Ms.,Gabriele,NULL,Dickmann,Certified Sports Supply,gabriele0@adventure-works.com,835-555-0116
173,Mr.,Rudolph,J.,Dillon,Sundry Sporting Goods,rudolph0@adventure-works.com,722-555-0169
174,Mr.,Michael,L.,Bohling,Toy Manufacturing Inc,michael12@adventure-works.com,838-555-0147
178,Mr.,Dick,NULL,Dievendorff,Rampart Amusement Company,dick1@adventure-works.com,1 (11) 500 555-0193
180,Ms.,Nicky,E.,Chesnut,Full-Service Bike Store,nicky0@adventure-works.com,264-555-0164
181,Mr.,Michael,J.,Lee,Family Entertainment Center,michael18@adventure-works.com,396-555-0139
182,Mr.,Stanley,A.,Alan,Another Bicycle Company,stanley0@adventure-works.com,156-555-0126
183,Mr.,Yao-Qiang,NULL,Cheng,This Area Sporting Goods,yao-qiang0@adventure-works.com,344-555-0181
184,Ms.,Marjorie,M.,Lee,Go-cart and Bike Specialists,marjorie0@adventure-works.com,306-555-0166
185,Mr.,Sandeep,NULL,Kaliyath,Weekend Bike Tours,sandeep1@adventure-works.com,495-555-0113
186,Mr.,Pei,NULL,Chow,Thrilling Bike Tours,pei0@adventure-works.com,789-555-0184
187,Mr.,Frank,NULL,Campbell,Trailblazing Sports,frank4@adventure-works.com,491-555-0132
190,Mr.,Mark,NULL,Lee,Racing Partners,mark5@adventure-works.com,371-555-0112
191,Ms.,Sandra,T.,Kitt,Non-Slip Pedal Company,sandra2@adventure-works.com,303-555-0117
192,Mr.,Hao,NULL,Chen,Nuts and Bolts Mfg.,hao1@adventure-works.com,117-555-0173
196,Ms.,Jolie,NULL,Lenehan,Exhibition Showroom,jolie0@adventure-works.com,1 (11) 500 555-0126
197,Ms.,Diane,F.,Krane,Fabrikam Inc., West,diane4@adventure-works.com,224-555-0126
198,Mr.,Payton,P.,Benson,Field Trip Inc,payton0@adventure-works.com,528-555-0183
199,Mr.,Roger,NULL,Lengel,Authorized Bike Sales and Rental,roger1@adventure-works.com,947-555-0143
200,Ms.,Peggy,J.,Justice,Basic Bike Company,peggy0@adventure-works.com,170-555-0189
201,Ms.,Edna,J.,Benson,Unsurpassed Bikes,edna0@adventure-works.com,789-555-0189
202,NULL,A.,Francesca,Leonetti,Two-Seater Bikes,a0@adventure-works.com,645-555-0193
203,Ms.,Jean,NULL,Jordan,Separate Parts Corporation,jean3@adventure-works.com,207-555-0129
204,Mr.,Ido,NULL,Ben-Sachar,Traction Tire Company,ido0@adventure-works.com,973-555-0112
205,Mr.,Frank,NULL,Mart¡nez,Rally Master Company Inc,frank5@adventure-works.com,171-555-0147
208,Mr.,Steve,NULL,Masters,Professional Cyclists,steve2@adventure-works.com,154-555-0115
209,Mr.,Robert,E.,Jones,Purple Bicycle Company,robert6@adventure-works.com,595-555-0131
210,Mr.,Josh,NULL,Barnhill,Gasless Cycle Shop,josh0@adventure-works.com,584-555-0192
214,Ms.,Jennifer,J.,Maxham,Exclusive Bicycle Mart,jennifer1@adventure-works.com,1 (11) 500 555-0175
217,Mr.,Chris,NULL,Maxwell,City Manufacturing,chris6@adventure-works.com,642-555-0187
218,Mr.,David,NULL,Johnson,Sure & Reliable Sporting Goods,david18@adventure-works.com,476-555-0139
219,Mr.,Brian,NULL,Johnson,Extras Sporting Goods,brian6@adventure-works.com,320-555-0134
220,Mr.,Robert,NULL,Brown,Best o' Bikes,robert5@adventure-works.com,575-555-0189
221,Ms.,Sandra,B.,Maynard,Bike Dealers Association,sandra4@adventure-works.com,993-555-0179
222,Mr.,Barry,NULL,Johnson,Sample Bike Store,barry1@adventure-works.com,858-555-0140
223,Ms.,Joyce,NULL,Jarvis,Paints and Solvents Company,joyce0@adventure-works.com,458-555-0179
226,Ms.,Vance,P.,Johns,Leisure Activities,vance0@adventure-works.com,103-555-0151
227,Ms.,Robin,M.,McGuigan,Health Spa, Limited,robin0@adventure-works.com,431-555-0153
228,Ms.,Danielle,B.,Johnson,Home Town Bike Store,danielle1@adventure-works.com,356-555-0190
232,Mr.,David,NULL,Jaffe,Exceptional Cycle Services,david17@adventure-works.com,1 (11) 500 555-0140
235,Ms.,Mary,NULL,Alexander,Certified Bicycle Supply,mary7@adventure-works.com,344-555-0133
236,Ms.,Lola,M.,McCarthy,Closeout Boutique,lola0@adventure-works.com,173-555-0151
237,Ms.,Mary,K.,Browning,Client Discount Store,mary5@adventure-works.com,658-555-0146
238,Ms.,Jodan,M.,Jacobson,A Great Bicycle Company,jodan0@adventure-works.com,652-555-0189
239,Ms.,Jane,A.,McCarty,Bicycle Merchandise Warehouse,jane3@adventure-works.com,529-555-0195
240,Mr.,Jessie,E.,Valerio,Wire Baskets and Parts,jessie0@adventure-works.com,103-555-0179
241,Mr.,Eric,A.,Jacobsen,Vale Riding Supplies,eric5@adventure-works.com,703-555-0120
244,Mr.,Bronson,R.,Jacobs,Retail Discount Store,bronson0@adventure-works.com,697-555-0131
245,Mr.,James,L.,McCoy,Leather Seat Factory,james12@adventure-works.com,191-555-0151
246,Ms.,Esther,K.,Valle,Large Bike Shop,esther0@adventure-works.com,481-555-0131
250,Ms.,Denean,J.,Ison,Express Bike Services,denean0@adventure-works.com,1 (11) 500 555-0127
253,Mr.,Erik,NULL,Ismert,Roving Sports,erik0@adventure-works.com,116-555-0163
254,Mr.,Robert,M.,Bernacchi,Safe Cycles Shop,robert4@adventure-works.com,449-555-0176
255,Mr.,Sunil,NULL,Uppal,Swift Cycles,sunil0@adventure-works.com,184-555-0187
256,Mr.,Richard,L.,Irwin,Rental Bikes,richard4@adventure-works.com,367-555-0124
257,Mr.,Matthias,NULL,Berndt,Number 1 Supply,matthias1@adventure-works.com,384-555-0169
258,Mr.,Sairaj,NULL,Uddin,Quantity Discounts,sairaj1@adventure-works.com,767-555-0193
259,Mr.,Lucio,NULL,Iallo,Highway Bike Shop,lucio0@adventure-works.com,199-555-0135
262,Ms.,Beth,NULL,Inghram,General Industries,beth0@adventure-works.com,718-555-0152
263,Mr.,Timothy,B.,Burnett,Farthest Bike Store,timothy0@adventure-works.com,251-555-0172
264,Ms.,Phyllis,B.,Tuffield,Fasteners & Bolts Outlet,phyllis3@adventure-works.com,277-555-0182
268,Mr.,Richard,A.,Byham,Channel Outlet,richard2@adventure-works.com,1 (11) 500 555-0138
271,Mr.,Jared,L.,Bustamante,Alternative Vehicles,jared0@adventure-works.com,164-555-0147
272,Mr.,Henry,L.,Campen,Metro Cycle Shop,henry0@adventure-works.com,635-555-0126
273,Ms.,Christie,J.,Trujillo,A Typical Bike Shop,christie0@adventure-works.com,686-555-0180
274,Ms.,Janet,J.,Gilliat,Active Systems,janet2@adventure-works.com,521-555-0183
275,Mr.,Chris,NULL,Cannon,Outdoor Sporting Goods,chris5@adventure-works.com,118-555-0131
276,Mr.,Michael John,R.,Troyer,Thrifty Parts and Sales,michaeljohn0@adventure-works.com,308-555-0175
277,Mr.,Guy,NULL,Gilbert,The Bicycle Accessories Company,guy0@adventure-works.com,583-555-0198
280,Mr.,Frances,J.,Giglio,Standard Bikes,frances1@adventure-works.com,692-555-0136
281,Ms.,Suzana De Abreu,A.,Canuto,Petroleum Products Distributors,suzanadeabreu0@adventure-works.com,990-555-0141
282,Mr.,Billy,J.,Trent,Quick Parts and Service,billy0@adventure-works.com,882-555-0115
286,Mr.,Leo,NULL,Giakoumakis,Number One Bike Co.,leo0@adventure-works.com,1 (11) 500 555-0169
287,Mr.,Grant,NULL,Culbertson,Handy Bike Services,grant1@adventure-works.com,859-555-0173
288,Mr.,Robert,L.,Barker,Kickstand Sellers,robert3@adventure-works.com,241-555-0112
289,Ms.,Gabriel,L.,Bockenkamp,Moderately-Priced Bikes Store,gabriel0@adventure-works.com,763-555-0145
290,Mr.,Scott,NULL,Culp,Friendly Bike Shop,scott3@adventure-works.com,119-555-0167
291,Mr.,Wayne,N.,Banack,Grand Bicycle Stores,wayne0@adventure-works.com,640-555-0189
292,Mr.,Michael,Greg,Blythe,Grease and Oil Products Company,michael11@adventure-works.com,126-555-0172
293,Mr.,Conor,NULL,Cunningham,Fashionable Bikes and Accessories,conor0@adventure-works.com,115-555-0113
294,Mr.,Alberto,F.,Baltazar,Flawless Bike Shop,alberto0@adventure-works.com,780-555-0114
295,Mr.,Joseph,P.,Mitzner,Engineered Bike Systems,joseph4@adventure-works.com,129-555-0164
298,Mr.,Robert,NULL,Mitosinka,City Cycling,robert10@adventure-works.com,239-555-0198
299,Mr.,Thierry,NULL,D'Hers,Citywide Service and Repair,thierry1@adventure-works.com,680-555-0192
300,Mr.,Daniel,NULL,Blanco,Nice Bikes,daniel0@adventure-works.com,221-555-0167
304,Ms.,Linda,NULL,Mitchell,Essential Bike Works,linda9@adventure-works.com,1 (11) 500 555-0182
306,Mr.,Stephen,M.,Ayers,Work and Play Association,stephen1@adventure-works.com,818-555-0171
307,Ms.,Neva,M.,Mitchell,Riding Associates,neva0@adventure-works.com,992-555-0134
308,Ms.,Megan,N.,Davis,Rugged Bikes,megan1@adventure-works.com,839-555-0198
309,Mr.,John,NULL,Arthur,The Gear Store,john6@adventure-works.com,149-555-0113
310,Mr.,Frank,NULL,Miller,Orange Bicycle Company,frank6@adventure-works.com,118-555-0184
311,Sr.,Alvaro,NULL,De Matos Miranda Filho,Principal Bike Company,alvaro0@adventure-works.com,551-555-0155
312,Mr.,Thomas,B.,Armstrong,Resale Services,thomas1@adventure-works.com,226-555-0146
313,Mr.,Dylan,NULL,Miller,Metropolitan Manufacturing,dylan1@adventure-works.com,140-555-0192
316,Mr.,Ben,NULL,Miller,Low Price Cycles,ben1@adventure-works.com,207-555-0167
317,Mr.,Jacob,N.,Dean,Finer Riding Supplies,jacob0@adventure-works.com,767-555-0151
318,Ms.,Ann,NULL,Beebe,First-Rate Outlet,ann0@adventure-works.com,277-555-0169
322,Mr.,Matthew,J.,Miller,Tachometers and Accessories,matthew5@adventure-works.com,1 (11) 500 555-0176
323,Mr.,Jo,NULL,Brown,Metro Bike Works,jo2@adventure-works.com,689-555-0130
325,Ms.,Virginia,L.,Miller,All Cycle Shop,virginia0@adventure-works.com,918-555-0127
326,Mr.,Scott,NULL,Gode,Year-Round Sports,scott4@adventure-works.com,164-555-0145
327,Ms.,Caroline,A.,Vicknair,World of Bikes,caroline0@adventure-works.com,695-555-0158
328,Mr.,Robert,R.,Vessa,Totes & Baskets Company,robert13@adventure-works.com,560-555-0171
329,NULL,Andreas,NULL,Berglund,Unicycles, Bicycles, and Tricycles,andreas1@adventure-works.com,795-555-0116
330,Mr.,Mete,NULL,Goktepe,The New Bike Store,mete0@adventure-works.com,637-555-0120
331,Ms.,Wanda,F.,Vernon,Technical Parts Manufacturing,wanda0@adventure-works.com,433-555-0168
334,Ms.,Dora,P.,Verdad,Retreat Inn,dora0@adventure-works.com,155-555-0140
335,Mr.,John,M.,Berger,Scratch-Resistant Finishes Company,john10@adventure-works.com,156-555-0111
336,Mr.,Brian,R,Goldstein,Primary Bike Distributors,brian4@adventure-works.com,495-555-0161
340,Mr.,Raja,D.,Venugopal,Nearby Cycle Shop,raja0@adventure-works.com,1 (11) 500 555-0195
343,Ms.,Patricia,M.,Vasquez,Mail-Order Outlet,patricia2@adventure-works.com,490-555-0132
344,Ms.,Karren,K.,Burkhardt,Fifth Bike Store,karren0@adventure-works.com,652-555-0132
345,Ms.,Abigail,J.,Gonzalez,Genial Bike Associates,abigail0@adventure-works.com,121-555-0139
346,Mr.,Ranjit,Rudra,Varkey Chudukatil,Great Bicycle Supply,ranjit1@adventure-works.com,810-555-0160
347,Ms.,Ingrid,K.,Burkhardt,Bike Universe,ingrid0@adventure-works.com,857-555-0187
348,Mr.,Oscar,L.,Alpuerto,Bold Bike Accessories,oscar0@adventure-works.com,855-555-0174
349,Mr.,Gary,T,Vargas,Exercise Center,gary6@adventure-works.com,112-555-0176
352,Mr.,Shane,S.,Kim,Twelfth Bike Store,shane2@adventure-works.com,155-555-0149
353,Ms.,Joan,M.,Campbell,Two-Wheeled Transit Company,joan0@adventure-works.com,700-555-0155
354,Mr.,Maxwell,J.,Amland,Serious Cycles,maxwell0@adventure-works.com,614-555-0134
358,Mr.,Joe,NULL,Kim,Mail Market,joe1@adventure-works.com,1 (11) 500 555-0144
360,Ms.,Ramona,J.,Antrim,Novelty Bikes,ramona0@adventure-works.com,327-555-0148
361,Ms.,Karan,NULL,Khanna,Fitness Supplies,karan1@adventure-works.com,390-555-0150
362,Ms.,Sharon,A.,Crow,Grand Cycle Store,sharon1@adventure-works.com,889-555-0176
363,Mr.,Chris,NULL,Ashton,Immense Manufacturing Company,chris3@adventure-works.com,556-555-0145
364,Mr.,Imtiaz,NULL,Khan,District Mall,imtiaz0@adventure-works.com,249-555-0179
365,Mr.,Jack,NULL,Creasey,Distinctive Store,jack2@adventure-works.com,539-555-0182
366,Ms.,Teresa,NULL,Atkinson,Extended Bike Sales,teresa0@adventure-works.com,129-555-0110
367,Ms.,Tammy,J.,Khan,Brown Bicycle Company,tammy0@adventure-works.com,145-555-0166
370,Ms.,Elizabeth,NULL,Keyser,Acceptable Sales & Service,elizabeth2@adventure-works.com,656-555-0173
371,Mr.,Bruno,NULL,Costa Da Silva,Custom Sales and Service,bruno0@adventure-works.com,140-555-0143
372,Ms.,Katherine,K.,Swan,Top Bike Market,katherine1@adventure-works.com,421-555-0192
376,Ms.,Mary,R.,Kesslep,Commerce Bicycle Specialists,mary8@adventure-works.com,1 (11) 500 555-0146
377,Mr.,Marlin,M.,Coriell,Grand Sport Boutique,marlin0@adventure-works.com,941-555-0155
379,Mr.,Kevin,NULL,Kennedy,Fad Outlet,kevin4@adventure-works.com,275-555-0179
380,Ms.,Eva,NULL,Corets,First Department Stores,eva0@adventure-works.com,542-555-0164
381,Ms.,Julie,NULL,Taft-Rider,Bicycle Lines Distributors,julie1@adventure-works.com,145-555-0194
382,Mr.,Robert,NULL,Kelly,Beneficial Exercises and Activities,robert7@adventure-works.com,510-555-0123
383,Mr.,Scott,NULL,Cooper,Vehicle Shop,scott2@adventure-works.com,773-555-0182
384,Mr.,Clarence,R.,Tatman,Sparkling Paint and Finishes,clarence0@adventure-works.com,787-555-0128
385,Mr.,John,NULL,Kelly,Sturdy Toys,john22@adventure-works.com,330-555-0116
388,Mr.,Victor,A.,Kelley,Road Way Sales and Rental,victor0@adventure-works.com,112-555-0195
389,Ms.,Dorothy,J.,Contreras,Sixth Bike Store,dorothy0@adventure-works.com,428-555-0176
390,Mr.,Mike,M.,Taylor,Plastic Parts Company,mike6@adventure-works.com,204-555-0189
394,Ms.,Bonnie,NULL,Kearney,Little Sports Center,bonnie1@adventure-works.com,1 (11) 500 555-0116
395,Ms.,June,B.,Brunner,Online Bike Sellers,june0@adventure-works.com,249-555-0172
397,Mr.,Sandeep,NULL,Katyal,Capable Sales and Service,sandeep2@adventure-works.com,928-555-0117
398,Ms.,Shirley,R.,Bruner,Commendable Bikes,shirley0@adventure-works.com,383-555-0155
399,Mr.,Chad,J.,Tedford,Big Cycle Mall,chad1@adventure-works.com,588-555-0128
400,Mr.,Peter,NULL,Houston,Local Sales and Rental,peter3@adventure-works.com,632-555-0171
401,Mr.,Tom,H,Johnston,Brightwork Company,tom1@adventure-works.com,883-555-0177
402,Ms.,Marian,M.,Berch,Pro Sporting Goods,marian0@adventure-works.com,640-555-0198
403,Ms.,Juanita,J.,Holman,Affordable Sports Equipment,juanita0@adventure-works.com,996-555-0196
406,Mr.,Eddie,M.,Holmes,The Commissary,eddie0@adventure-works.com,570-555-0199
407,Mr.,Robert,A.,Avalos,Workout Emporium,robert2@adventure-works.com,665-555-0198
408,Mr.,Alexander,J.,Berger,Odometers and Accessories Company,alexander0@adventure-works.com,519-555-0151
412,Ms.,Jean,J.,Holloway,Leisure Clearing House,jean2@adventure-works.com,1 (11) 500 555-0181
415,Mr.,Greg,NULL,Chapman,Imaginary Toys,greg1@adventure-works.com,708-555-0169
416,Ms.,Angela,NULL,Barbariol,Impromptu Trips,angela1@adventure-works.com,134-555-0182
417,Ms.,Ruth,A.,Choin,Genuine Bike Shop,ruth1@adventure-works.com,273-555-0181
418,Mr.,Lee,J.,Chapla,Good Bike Shop,lee0@adventure-works.com,223-555-0184
419,Mr.,Darrell,M.,Banks,Exertion Activities Club,darrell0@adventure-works.com,816-555-0118
420,Mr.,Anthony,NULL,Chor,Extreme Riding Supplies,anthony0@adventure-works.com,429-555-0145
421,Mr.,Forrest,J.,Chandler,Fitness Cycling,forrest0@adventure-works.com,448-555-0179
424,Mr.,Eli,NULL,Bowen,Bikes for Two,eli0@adventure-works.com,371-555-0143
425,Mr.,Stephen,Yuan,Jiang,Bikes for Kids and Adults,stephen3@adventure-works.com,910-555-0116
426,Mr.,Dirk,J.,Bruno,Custom Accessories Company,dirk0@adventure-works.com,817-555-0114
430,Sr.,Gustavo,NULL,Camargo,Uttermost Bike Shop,gustavo1@adventure-works.com,1 (11) 500 555-0118
431,Mr.,Douglas,A.,Baldwin,Small Cycle Store,douglas1@adventure-works.com,583-555-0130
433,Ms.,Lindsey,R.,Camacho,Thorough Parts and Repair Services,lindsey0@adventure-works.com,827-555-0143
434,Mr.,James,B.,Bailey,Road-Way Mart,james3@adventure-works.com,234-555-0112
435,Ms.,Carol,B.,Elliott,Satin Finish Company,carol2@adventure-works.com,847-555-0151
436,Ms.,Barbara,J.,Calone,Sheet Metal Manufacturing,barbara2@adventure-works.com,145-555-0152
437,Ms.,Megan,E.,Burke,Professional Cycle Store,megan0@adventure-works.com,148-555-0149
438,Mr.,Cory,K.,Booth,Remarkable Bike Store,cory0@adventure-works.com,121-555-0157
439,Ms.,Shannon,P.,Elliott,Regional Manufacturing,shannon0@adventure-works.com,425-555-0158
442,Ms.,Jauna,E.,Elson,Original Bicycle Supply Company,jauna0@adventure-works.com,185-555-0190
443,Sra.,Janaina Barreiro Gambaro,NULL,Bueno,Courteous Bicycle Specialists,janainabarreirogambaro0@adventure-works.com,476-555-0184
444,Mr.,Shaun,NULL,Beasley,Finer Cycle Shop,shaun0@adventure-works.com,396-555-0187
448,Mr.,Terry,NULL,Eminhizer,Action Bicycle Specialists,terry1@adventure-works.com,1 (11) 500 555-0176
451,Mr.,John,NULL,Emory,Roadway Bike Emporium,john16@adventure-works.com,691-555-0149
452,Ms.,Olga,J.,Trau,A Cycle Shop,olga0@adventure-works.com,398-555-0167
453,Mr.,Jon,NULL,Ganio,Unique Bikes,jon0@adventure-works.com,672-555-0112
454,Ms.,Gail,NULL,Erickson,Sleek Bikes ,gail1@adventure-works.com,834-555-0132
455,Mr.,James,R.,Tran,Timely Shipping Service,james15@adventure-works.com,740-555-0159
456,Mr.,Michael,NULL,Galos,Riding Excursions,michael15@adventure-works.com,912-555-0149
457,Mr.,Mark,B,Erickson,Retail Sporting Equipment,mark2@adventure-works.com,962-555-0112
460,Ms.,Martha,R.,Espinoza,Price-Cutter Discount Bikes,martha0@adventure-works.com,753-555-0179
461,Mr.,Glenn,J.,Track,Active Life Toys,glenn0@adventure-works.com,907-555-0170
462,Mr.,Bob,NULL,Gage,General Riding Supplies,bob1@adventure-works.com,962-555-0175
466,Sra.,Janeth,NULL,Esteves,Central Bicycle Specialists,janeth1@adventure-works.com,1 (11) 500 555-0136
468,Mr.,Paul,J.,Fulton,Blue Bicycle Company,paul3@adventure-works.com,492-555-0146
469,Ms.,Twanna,R.,Evans,Vast Bike Sales and Rental,twanna0@adventure-works.com,554-555-0124
470,Ms.,Delia,B.,Toone,Wingtip Toys,delia0@adventure-works.com,328-555-0192
471,Mr.,John,NULL,Ford,Social Activities Club,john19@adventure-works.com,596-555-0153
472,Ms.,Ann,R.,Evans,Summer Sports Place,ann1@adventure-works.com,252-555-0127
473,Ms.,Kay,E.,Krane,Racing Toys,kay0@adventure-works.com,731-555-0187
474,Mr.,Mihail,NULL,Frintu,Retail Cycle Shop,mihail1@adventure-works.com,777-555-0163
475,Mr.,John,NULL,Evans,Real Sporting Goods,john17@adventure-works.com,581-555-0172
478,Ms.,Ruby Sue,R.,Styles,Major Cycling,rubysue0@adventure-works.com,512-555-0122
479,Ms.,Lori,NULL,Kane,General Supplies,lori2@adventure-works.com,765-555-0141
480,Ms.,Susan,E.,French,General Bike Corporation,susan3@adventure-works.com,994-555-0194
484,Mr.,Gary,J.,Suess,Downhill Bicycle Specialists,gary5@adventure-works.com,1 (11) 500 555-0199
487,Ms.,Ruth,J.,Suffin,Bike Experts,ruth2@adventure-works.com,924-555-0195
488,Ms.,Margaret,J.,Smith,Bicycle Accessories and Kits,margaret0@adventure-works.com,959-555-0151
489,Ms.,Dorothy,J.,Fox,Cash & Carry Bikes,dorothy1@adventure-works.com,191-555-0198
490,Ms.,Elizabeth,J.,Sullivan,Extraordinary Bike Works,elizabeth4@adventure-works.com,306-555-0112
491,Ms.,Frances,B.,Adams,Area Bike Accessories,frances0@adventure-works.com,991-555-0183
492,Mr.,Garth,NULL,Fort,Basic Sports Equipment,garth0@adventure-works.com,768-555-0125
493,Mr.,Michael,NULL,Sullivan,Valley Bicycle Distributors,michael24@adventure-works.com,323-555-0113
496,Ms.,Marcia,J.,Sultan,Top Sports Supply,marcia0@adventure-works.com,613-555-0116
497,Ms.,Amy,E.,Alberts,Valley Toy Store,amy1@adventure-works.com,727-555-0115
498,Ms.,Kelly,NULL,Focht,Quick Delivery Service,kelly0@adventure-works.com,272-555-0123
502,Mr.,Krishna,NULL,Sunkammurali,Metropolitan Bicycle Supply,krishna1@adventure-works.com,1 (11) 500 555-0177
504,Ms.,Mae,M.,Black,Historic Bicycle Sales,mae1@adventure-works.com,264-555-0143
505,Mr.,Brad,NULL,Sutton,Honest Repair Service,brad0@adventure-works.com,688-555-0115
506,Mr.,François,NULL,Ferrier,Great Bikes ,françois1@adventure-works.com,571-555-0128
507,Mr.,Mary,NULL,Bishop,Global Sporting Goods,mary4@adventure-works.com,176-555-0136
508,Mr.,Martin,J.,Svoboda,Designer Department Stores,martin1@adventure-works.com,132-555-0149
509,Mr.,Robert,E.,Ahlering,Fun Toys and Bikes,robert1@adventure-works.com,678-555-0175
510,Mr.,Jimmy,NULL,Bischoff,World Bike Discount Store,jimmy1@adventure-works.com,992-555-0111
511,Mr.,Abraham,L.,Swearengin,Wheel Gallery,abraham0@adventure-works.com,926-555-0136
514,Mr.,Ryan,NULL,Calafato,Retail Mall,ryan1@adventure-works.com,726-555-0155
515,Mr.,Dragan,NULL,Tomic,Rural Bicycle Supply,dragan1@adventure-works.com,833-555-0167
516,Mr.,Thomas,R.,Michaels,Seats and Saddles Company,thomas2@adventure-works.com,162-555-0174
520,Ms.,Mari,B.,Caldwell,Metro Metals Co.,mari0@adventure-works.com,1 (11) 500 555-0118
523,Ms.,Mary,M.,Gimmi,Futuristic Sport Distributors,mary6@adventure-works.com,149-555-0196
526,Mr.,David,L.,Givens,Finer Sales and Service,david15@adventure-works.com,605-555-0111
527,Ms.,Diane,NULL,Tibbott,Fun Times Club,diane5@adventure-works.com,847-555-0184
528,Ms.,Helen,M.,Meyer,Alpine Ski House,helen2@adventure-works.com,519-555-0112
529,Ms.,Jeanie,R.,Glenn,Big-Time Bike Store,jeanie0@adventure-works.com,669-555-0149
532,Ms.,Diane,R.,Glimp,The Showroom,diane3@adventure-works.com,898-555-0137
533,Ms.,Yuping,NULL,Tian,Tenth Bike Store,yuping0@adventure-works.com,744-555-0123
534,Mr.,Stephen,A.,Mew,Recommended Bicycles,stephen4@adventure-works.com,399-555-0114
538,Mr.,John,R.,Brooks,Prosperous Tours,john12@adventure-works.com,1 (11) 500 555-0179
541,Mr.,Willie,P.,Brooks,Nonskid Tire Company,willie0@adventure-works.com,525-555-0174
542,Mr.,Andrew,P.,Kobylinski,Finer Parts Shop,andrew5@adventure-works.com,129-555-0185
543,Mr.,R. Morgan,L.,Mendoza,Friendly Neighborhood Bikes,rmorgan0@adventure-works.com,963-555-0146
544,Mr.,Jay,NULL,Adams,Valley Bicycle Specialists,jay1@adventure-works.com,158-555-0142
545,Mr.,Christian,NULL,Kleinerman,Finish and Sealant Products,christian1@adventure-works.com,362-555-0177
546,Mr.,Anton,NULL,Kirilov,Field Trip Store,anton0@adventure-works.com,608-555-0162
547,Ms.,Gladys,F.,Mendiola,Curbside Sporting Goods,gladys0@adventure-works.com,535-555-0189
550,Ms.,Raquel,NULL,Mello,Remote Bicycle Specialists,raquel0@adventure-works.com,723-555-0124
551,Mr.,Samuel,N.,Agcaoili,Vinyl and Plastic Goods Corporation,samuel0@adventure-works.com,554-555-0110
552,Mr.,Tim,NULL,Kim,Consolidated Messenger,tim0@adventure-works.com,244-555-0115
556,Ms.,Nancy,A.,McPhearson,Variety Cycling,nancy3@adventure-works.com,1 (11) 500 555-0195
559,Ms.,Nkenge,NULL,McLin,Some Discount Store,nkenge0@adventure-works.com,158-555-0123
560,Mr.,Paul,L.,Alcorn,Major Sport Suppliers,paul2@adventure-works.com,331-555-0162
561,Mr.,Marvin,N.,Allen,Mountain Toy Store,marvin0@adventure-works.com,447-555-0110
562,Ms.,Yvonne,NULL,McKay,Practical Bike Supply Company,yvonne1@adventure-works.com,623-555-0144
563,Mr.,Sean,P.,Jacobson,Systematic Sales,sean2@adventure-works.com,555-555-0162
564,Ms.,Michelle,NULL,Alexander,Imported and Domestic Cycles,michelle0@adventure-works.com,115-555-0175
565,Mr.,Richard,M.,Bentley,Metallic Paint and Overcoat Co,richard0@adventure-works.com,911-555-0153
568,Mr.,Curtis,P.,Howard,Economy Center,curtis0@adventure-works.com,555-555-0162
569,Mr.,Cecil,J.,Allison,Designated Distributors,cecil0@adventure-works.com,699-555-0155
570,Mr.,Gregory,F.,Alderson,Family's Favorite Bike Shop,gregory0@adventure-works.com,968-555-0153
574,Ms.,Janice,K.,Hows,Area Sheet Metal Supply,janice1@adventure-works.com,1 (11) 500 555-0119
577,Mr.,George,M.,Huckaby,Synthetic Materials Manufacturing,george1@adventure-works.com,851-555-0127
578,Ms.,Carolyn,NULL,Farino,The Bike Shop,carolyn0@adventure-works.com,957-555-0125
579,Ms.,Kim,NULL,Abercrombie,Riders Company,kim2@adventure-works.com,334-555-0137
580,Mr.,Joshua,J.,Huff,Rural Sales and Service,joshua0@adventure-works.com,190-555-0186
581,Ms.,Geri,P.,Farrell,Safe Toys,geri0@adventure-works.com,329-555-0183
582,Ms.,Catherine,R.,Abel,Professional Sales and Service,catherine0@adventure-works.com,747-555-0171
583,Ms.,Laura,C.,Steele,Professional Containers and Packaging Co.,laura3@adventure-works.com,741-555-0173
586,Ms.,Shanay,B.,Steelman,One Bike Company,shanay0@adventure-works.com,797-555-0118
587,Ms.,Rhoda,J.,Finley,Our Sporting Goods Store,rhoda0@adventure-works.com,920-555-0191
588,Mr.,Pat,A.,Chambers,General Cycle Storehouse,pat1@adventure-works.com,127-555-0124
592,Mr.,Stefano,NULL,Stefani,Cycling Goods,stefano0@adventure-works.com,1 (11) 500 555-0115
595,Mr.,Alan,NULL,Steiner,Cycle Clearance,alan4@adventure-works.com,792-555-0194
596,Ms.,Kathie,NULL,Flood,Coho Sports,kathie1@adventure-works.com,627-555-0192
597,Mr.,Bob,NULL,Hodges,All Seasons Sports Supply,bob2@adventure-works.com,129-555-0120
598,Mr.,Derik,NULL,Stenerson,Black Bicycle Company,derik0@adventure-works.com,441-555-0144
599,Mr.,Raul,E.,Casts,Westside Plaza,raul0@adventure-works.com,362-555-0162
600,Ms.,Holly,J.,Holt,Strenuous Exercise Shop,holly1@adventure-works.com,654-555-0150
601,Mr.,Vassar,J.,Stern,Transport Bikes,vassar0@adventure-works.com,328-555-0123
604,Ms.,Wathalee,R.,Steuber,Sellers of Cycles,wathalee0@adventure-works.com,517-555-0120
605,Mr.,Matthew,J.,Cavallari,Outstanding Cycles,matthew1@adventure-works.com,695-555-0161
606,Ms.,Helge,NULL,Hoeing,Little Bicycle Supply Shop,helge0@adventure-works.com,850-555-0198
607,Ms.,Alice,M.,Steiner,Maintenance and Repair for Bicycles,alice4@adventure-works.com,355-555-0180
608,Mr.,Steven,B.,Brown,Golf and Cycle Store,steven1@adventure-works.com,280-555-0124
609,Mr.,David,NULL,Hodgson,Good Toys,david16@adventure-works.com,969-555-0117
610,Ms.,Liza Marie,N.,Stevens,Fitness Department Stores,lizamarie0@adventure-works.com,366-555-0110
613,Mr.,Jim,NULL,Stewart,Famous Bike Shop,jim5@adventure-works.com,226-555-0110
617,Ms.,Arlene,NULL,Huff,Tubeless Tire Company,arlene0@adventure-works.com,1 (11) 500 555-0146
620,Mr.,Matthew,M.,Hunter,Tires and Tubes,matthew4@adventure-works.com,482-555-0188
621,Mr.,Matthew,NULL,Hink,Running and Cycling Gear,matthew3@adventure-works.com,146-555-0176
622,Mr.,Robert,B.,Stotka,Gift and Toy Store,robert12@adventure-works.com,493-555-0185
623,Ms.,Phyllis,R.,Huntsman,Hardware Components,phyllis1@adventure-works.com,153-555-0195
624,Mr.,Mike,NULL,Hines,First Cycle Store,mike3@adventure-works.com,454-555-0160
625,Ms.,Kayla,M.,Stotler,Major Sporting Goods,kayla0@adventure-works.com,315-555-0131
626,Mr.,Lawrence,E.,Hurkett,Retail Sporting Goods,lawrence0@adventure-works.com,129-555-0185
629,Mr.,Ryan,NULL,Ihrig,Efficient Cycling,ryan4@adventure-works.com,809-555-0152
630,Mr.,Andrew,R.,Hill,Eastside Parts Shop,andrew4@adventure-works.com,194-555-0149
631,Mr.,Robert,P.,Lyeba,Tandem Sales and Service,robert8@adventure-works.com,631-555-0155
635,Mr.,Roger,NULL,Van Houten,Sports Store,roger2@adventure-works.com,1 (11) 500 555-0110
637,Mr.,Robert,NULL,Lyon,Reliable Retail Center,robert9@adventure-works.com,666-555-0143
641,Ms.,Rose,M.,Vandenouer,Extended Tours,rose1@adventure-works.com,1 (11) 500 555-0140
643,Ms.,Denise,R.,Maccietto,Friendly Bike Shop,denise1@adventure-works.com,537-555-0190
644,Mr.,Gregory,T.,Vanderbout,Convenient Sales and Service,gregory1@adventure-works.com,684-555-0134
645,Mr.,Ronald,K.,Heymsfield,Superior Hardware Distributors,ronald1@adventure-works.com,784-555-0120
646,Mr.,Scott,NULL,MacDonald,Yellow Bicycle Company,scott7@adventure-works.com,470-555-0171
647,Mr.,Michael,NULL,Vanderhyde,Solid Bike Parts,michael25@adventure-works.com,918-555-0141
648,Ms.,Cheryl,M.,Herring,Small Bike Shop,cheryl0@adventure-works.com,158-555-0154
649,Mr.,Walter,J.,Mays,Sports Products Store,walter1@adventure-works.com,245-555-0191
650,Ms.,Margaret,J.,Vanderkamp,Permanent Finish Products,margaret2@adventure-works.com,265-555-0143
653,Ms.,Kara,N.,Vanderlinden,Mercantile Outlet,kara0@adventure-works.com,680-555-0160
654,Mr.,Jésus,NULL,Hernandez,Online Bike Warehouse,jésus0@adventure-works.com,214-555-0145
655,Ms.,Irene,J.,Hernandez,Operational Manufacturing,irene0@adventure-works.com,790-555-0197
659,Mr.,Ajay,NULL,Manchepalli,Shipping Specialists,ajay0@adventure-works.com,1 (11) 500 555-0174
660,Mr.,Nieves,J.,Vargas,Exhilarating Cycles,nieves0@adventure-works.com,371-555-0184
661,Mr.,Kari,NULL,Hensien,General Department Stores,kari0@adventure-works.com,143-555-0129
665,Mr.,Tomas,M.,Manzanares,Authentic Sales and Service,tomas0@adventure-works.com,1 (11) 500 555-0178
668,Ms.,Kathy,R.,Marcovecchio,Official Parts Shop,kathy0@adventure-works.com,942-555-0141
669,Ms.,Patricia,NULL,Doyle,Racing Bike Outlet,patricia0@adventure-works.com,899-555-0134
670,Ms.,Valerie,M.,Hendricks,First Bike Store,valerie0@adventure-works.com,859-555-0140
671,Ms.,Jill,K.,Markwood,Contoso, Ltd.,jill2@adventure-works.com,747-555-0113
672,Mr.,Gerald,M.,Drury,Utilitarian Sporting Goods,gerald0@adventure-works.com,169-555-0178
673,Mr.,John,NULL,Hanson,Countryside Company,john20@adventure-works.com,107-555-0117
674,Ms.,Melissa,R.,Marple,Discount Tours,melissa0@adventure-works.com,685-555-0117
677,Ms.,Cecelia,L.,Marshall,Tire Exchange,cecelia0@adventure-works.com,394-555-0168
678,Mr.,Reuben,NULL,D'sa,Vigorous Exercise Company,reuben1@adventure-works.com,916-555-0137
679,Ms.,Brenda,F.,Heaney,Superb Sales and Repair,brenda3@adventure-works.com,393-555-0167
683,Ms.,Linda,NULL,Martin,Oils and Fluids Warehouse,linda8@adventure-works.com,1 (11) 500 555-0137
685,Mr.,James,B.,Haugh,Family Cycle Store,james8@adventure-works.com,763-555-0120
689,Ms.,Sandra,I.,Martinez,Consumer Equipment,sandra3@adventure-works.com,1 (11) 500 555-0113
692,Ms.,Bev,L.,Desalvo,Successful Sales Company,bev0@adventure-works.com,143-555-0113
693,Mr.,Bart,NULL,Duncan,Stock Parts and Supplies,bart0@adventure-works.com,539-555-0121
694,Ms.,Ann,T.,Hass,The Accessories Store,ann2@adventure-works.com,713-555-0168
695,Mr.,Rob,NULL,Caron,Responsible Bike Dealers,rob2@adventure-works.com,620-555-0117
696,Mr.,Maciej,NULL,Dusza,Roadway Supplies,maciej1@adventure-works.com,962-555-0144
697,Mr.,Roger,NULL,Harui,Brakes and Gears,roger0@adventure-works.com,774-555-0133
698,Mr.,Andy,NULL,Carothers,Western Bike Supplies,andy1@adventure-works.com,944-555-0148
701,Ms.,Linda,R.,Ecoffey,Future Bikes,linda5@adventure-works.com,674-555-0188
29485,Ms.,Catherine,R.,Abel,Professional Sales and Service,catherine0@adventure-works.com,747-555-0171
29486,Ms.,Kim,NULL,Abercrombie,Riders Company,kim2@adventure-works.com,334-555-0137
29489,Ms.,Frances,B.,Adams,Area Bike Accessories,frances0@adventure-works.com,991-555-0183
29490,Ms.,Margaret,J.,Smith,Bicycle Accessories and Kits,margaret0@adventure-works.com,959-555-0151
29492,Mr.,Jay,NULL,Adams,Valley Bicycle Specialists,jay1@adventure-works.com,158-555-0142
29494,Mr.,Samuel,N.,Agcaoili,Vinyl and Plastic Goods Corporation,samuel0@adventure-works.com,554-555-0110
29496,Mr.,Robert,E.,Ahlering,Fun Toys and Bikes,robert1@adventure-works.com,678-555-0175
29497,Mr.,François,NULL,Ferrier,Great Bikes ,françois1@adventure-works.com,571-555-0128
29499,Ms.,Amy,E.,Alberts,Valley Toy Store,amy1@adventure-works.com,727-555-0115
29502,Mr.,Paul,L.,Alcorn,Major Sport Suppliers,paul2@adventure-works.com,331-555-0162
29503,Mr.,Gregory,F.,Alderson,Family's Favorite Bike Shop,gregory0@adventure-works.com,968-555-0153
29505,Ms.,Michelle,NULL,Alexander,Imported and Domestic Cycles,michelle0@adventure-works.com,115-555-0175
29506,Mr.,Sean,P.,Jacobson,Systematic Sales,sean2@adventure-works.com,555-555-0162
29508,Mr.,Marvin,N.,Allen,Mountain Toy Store,marvin0@adventure-works.com,447-555-0110
29510,Mr.,Cecil,J.,Allison,Designated Distributors,cecil0@adventure-works.com,699-555-0155
29511,Mr.,Oscar,L.,Alpuerto,Bold Bike Accessories,oscar0@adventure-works.com,855-555-0174
29515,Mr.,Maxwell,J.,Amland,Serious Cycles,maxwell0@adventure-works.com,614-555-0134
29517,Ms.,Ramona,J.,Antrim,Novelty Bikes,ramona0@adventure-works.com,327-555-0148
29521,Mr.,Tom,H,Johnston,Brightwork Company,tom1@adventure-works.com,883-555-0177
29522,Mr.,Thomas,B.,Armstrong,Resale Services,thomas1@adventure-works.com,226-555-0146
29523,Mr.,John,NULL,Arthur,The Gear Store,john6@adventure-works.com,149-555-0113
29524,Mr.,Chris,NULL,Ashton,Immense Manufacturing Company,chris3@adventure-works.com,556-555-0145
29525,Ms.,Teresa,NULL,Atkinson,Extended Bike Sales,teresa0@adventure-works.com,129-555-0110
29527,Mr.,Robert,A.,Avalos,Workout Emporium,robert2@adventure-works.com,665-555-0198
29528,Mr.,Stephen,M.,Ayers,Work and Play Association,stephen1@adventure-works.com,818-555-0171
29530,Mr.,Daniel,NULL,Blanco,Nice Bikes,daniel0@adventure-works.com,221-555-0167
29531,Mr.,Cory,K.,Booth,Remarkable Bike Store,cory0@adventure-works.com,121-555-0157
29532,Mr.,James,B.,Bailey,Road-Way Mart,james3@adventure-works.com,234-555-0112
29533,Mr.,Douglas,A.,Baldwin,Small Cycle Store,douglas1@adventure-works.com,583-555-0130
29535,Mr.,Wayne,N.,Banack,Grand Bicycle Stores,wayne0@adventure-works.com,640-555-0189
29536,Mr.,Robert,L.,Barker,Kickstand Sellers,robert3@adventure-works.com,241-555-0112
29539,Mr.,Josh,NULL,Barnhill,Gasless Cycle Shop,josh0@adventure-works.com,584-555-0192
29541,NULL,Gytis,M,Barzdukas,Transportation Options,gytis0@adventure-works.com,257-555-0119
29544,Mr.,Shaun,NULL,Beasley,Finer Cycle Shop,shaun0@adventure-works.com,396-555-0187
29545,Mr.,John,A.,Beaver,Center Cycle Shop,john8@adventure-works.com,521-555-0195
29546,Mr.,Christopher,R.,Beck,Bulk Discount Store,christopher1@adventure-works.com,1 (11) 500 555-0132
29548,Ms.,Ann,NULL,Beebe,First-Rate Outlet,ann0@adventure-works.com,277-555-0169
29550,Mr.,Stanley,A.,Alan,Another Bicycle Company,stanley0@adventure-works.com,156-555-0126
29553,Ms.,Edna,J.,Benson,Unsurpassed Bikes,edna0@adventure-works.com,789-555-0189
29554,Mr.,Payton,P.,Benson,Field Trip Inc,payton0@adventure-works.com,528-555-0183
29557,Mr.,Alexander,J.,Berger,Odometers and Accessories Company,alexander0@adventure-works.com,519-555-0151
29558,Mr.,John,M.,Berger,Scratch-Resistant Finishes Company,john10@adventure-works.com,156-555-0111
29559,Mr.,Robert,M.,Bernacchi,Safe Cycles Shop,robert4@adventure-works.com,449-555-0176
29560,Mr.,Matthias,NULL,Berndt,Number 1 Supply,matthias1@adventure-works.com,384-555-0169
29562,Mr.,Steven,B.,Brown,Golf and Cycle Store,steven1@adventure-works.com,280-555-0124
29565,Mr.,Jimmy,NULL,Bischoff,World Bike Discount Store,jimmy1@adventure-works.com,992-555-0111
29566,Ms.,Mae,M.,Black,Historic Bicycle Sales,mae1@adventure-works.com,264-555-0143
29567,Ms.,Jackie,E.,Blackwell,Commuter Bicycle Store,jackie0@adventure-works.com,972-555-0163
29568,Mr.,Donald,L.,Blanton,Coalition Bike Company,donald0@adventure-works.com,357-555-0161
29569,Ms.,Linda,E.,Burnett,Travel Systems,linda4@adventure-works.com,121-555-0121
29570,Mr.,Michael,Greg,Blythe,Grease and Oil Products Company,michael11@adventure-works.com,126-555-0172
29571,Ms.,Gabriel,L.,Bockenkamp,Moderately-Priced Bikes Store,gabriel0@adventure-works.com,763-555-0145
29573,Sr.,Luis,NULL,Bonifaz,Economy Bikes Company,luis0@adventure-works.com,688-555-0113
29574,Mr.,Randall,NULL,Boseman,Third Bike Store,randall0@adventure-works.com,383-555-0117
29576,Mr.,Eli,NULL,Bowen,Bikes for Two,eli0@adventure-works.com,371-555-0143
29577,Mr.,Lester,J.,Bowman,Metal Processing Company,lester0@adventure-works.com,844-555-0112
29579,Mr.,Cornelius,L.,Brandon,Initial Bike Company,cornelius0@adventure-works.com,229-555-0114
29580,Mr.,Richard,NULL,Bready,Latest Sports Equipment,richard1@adventure-works.com,340-555-0131
29582,Mr.,Ted,NULL,Bremer,Raw Materials Inc,ted0@adventure-works.com,962-555-0166
29583,Mr.,Alan,NULL,Brewer,Lots of Bikes Storehouse,alan1@adventure-works.com,494-555-0134
29584,Mr.,Walter,J.,Brian,Futuristic Bikes,walter0@adventure-works.com,163-555-0155
29585,Mr.,Christopher,M.,Bright,Parcel Express Delivery Service,christopher2@adventure-works.com,162-555-0166
29587,Mr.,John,R.,Brooks,Prosperous Tours,john12@adventure-works.com,1 (11) 500 555-0179
29588,Mr.,Willie,P.,Brooks,Nonskid Tire Company,willie0@adventure-works.com,525-555-0174
29590,Mr.,Jo,NULL,Brown,Metro Bike Works,jo2@adventure-works.com,689-555-0130
29591,Mr.,Robert,NULL,Brown,Best o' Bikes,robert5@adventure-works.com,575-555-0189
29593,Ms.,Mary,K.,Browning,Client Discount Store,mary5@adventure-works.com,658-555-0146
29596,Mr.,Eric,J.,Brumfield,Requisite Part Supply,eric3@adventure-works.com,644-555-0114
29598,Mr.,Michael,NULL,Brundage,Mechanical Products Ltd.,michael13@adventure-works.com,128-555-0148
29599,Ms.,Shirley,R.,Bruner,Commendable Bikes,shirley0@adventure-works.com,383-555-0155
29600,Ms.,June,B.,Brunner,Online Bike Sellers,june0@adventure-works.com,249-555-0172
29601,Mr.,Dirk,J.,Bruno,Custom Accessories Company,dirk0@adventure-works.com,817-555-0114
29603,Sra.,Janaina Barreiro Gambaro,NULL,Bueno,Courteous Bicycle Specialists,janainabarreirogambaro0@adventure-works.com,476-555-0184
29605,Ms.,Megan,E.,Burke,Professional Cycle Store,megan0@adventure-works.com,148-555-0149
29606,Ms.,Karren,K.,Burkhardt,Fifth Bike Store,karren0@adventure-works.com,652-555-0132
29608,Mr.,Timothy,B.,Burnett,Farthest Bike Store,timothy0@adventure-works.com,251-555-0172
29611,Mr.,Jared,L.,Bustamante,Alternative Vehicles,jared0@adventure-works.com,164-555-0147
29612,Mr.,Richard,A.,Byham,Channel Outlet,richard2@adventure-works.com,1 (11) 500 555-0138
29614,Mr.,Ryan,NULL,Calafato,Retail Mall,ryan1@adventure-works.com,726-555-0155
29615,Ms.,Mari,B.,Caldwell,Metro Metals Co.,mari0@adventure-works.com,1 (11) 500 555-0118
29616,Ms.,Barbara,J.,Calone,Sheet Metal Manufacturing,barbara2@adventure-works.com,145-555-0152
29617,Ms.,Lindsey,R.,Camacho,Thorough Parts and Repair Services,lindsey0@adventure-works.com,827-555-0143
29618,Sr.,Gustavo,NULL,Camargo,Uttermost Bike Shop,gustavo1@adventure-works.com,1 (11) 500 555-0118
29620,Ms.,Joan,M.,Campbell,Two-Wheeled Transit Company,joan0@adventure-works.com,700-555-0155
29622,Mr.,Henry,L.,Campen,Metro Cycle Shop,henry0@adventure-works.com,635-555-0126
29623,Mr.,Chris,NULL,Cannon,Outdoor Sporting Goods,chris5@adventure-works.com,118-555-0131
29625,Ms.,Suzana De Abreu,A.,Canuto,Petroleum Products Distributors,suzanadeabreu0@adventure-works.com,990-555-0141
29627,Mr.,Johnny,A.,Caprio,Bikes and Motorbikes,johnny0@adventure-works.com,112-555-0191
29629,Mr.,Carlton,M.,Carlisle,Camping and Sports Store,carlton0@adventure-works.com,193-555-0116
29631,Ms.,Jane,N.,Carmichael,Rural Department Store,jane0@adventure-works.com,716-555-0167
29632,Ms.,Jovita,A.,Carmody,Sports Commodities,jovita0@adventure-works.com,646-555-0137
29635,Mr.,Rob,NULL,Caron,Responsible Bike Dealers,rob2@adventure-works.com,620-555-0117
29636,Mr.,Andy,NULL,Carothers,Western Bike Supplies,andy1@adventure-works.com,944-555-0148
29637,Ms.,Donna,F.,Carreras,Advanced Bike Components,donna0@adventure-works.com,279-555-0130
29638,Ms.,Rosmarie,J.,Carroll,Aerobic Exercise Company,rosmarie0@adventure-works.com,244-555-0112
29639,Mr.,Joseph,N.,Castellucio,Corner Bicycle Supply,joseph1@adventure-works.com,180-555-0114
29641,Mr.,Raul,E.,Casts,Westside Plaza,raul0@adventure-works.com,362-555-0162
29643,Mr.,Matthew,J.,Cavallari,Outstanding Cycles,matthew1@adventure-works.com,695-555-0161
29644,Ms.,Brigid,F.,Cavendish,Vigorous Sports Store,brigid0@adventure-works.com,1 (11) 500 555-0178
29645,Mr.,Andrew,NULL,Cencini,Sports Merchandise,andrew2@adventure-works.com,644-555-0111
29646,Ms.,Stacey,M.,Cereghino,Fitness Toy Store,stacey0@adventure-works.com,351-555-0131
29649,Mr.,Pat,A.,Chambers,General Cycle Storehouse,pat1@adventure-works.com,127-555-0124
29650,Mr.,Forrest,J.,Chandler,Fitness Cycling,forrest0@adventure-works.com,448-555-0179
29651,Mr.,Lee,J.,Chapla,Good Bike Shop,lee0@adventure-works.com,223-555-0184
29653,Mr.,Pei,NULL,Chow,Thrilling Bike Tours,pei0@adventure-works.com,789-555-0184
29654,Mr.,Yao-Qiang,NULL,Cheng,This Area Sporting Goods,yao-qiang0@adventure-works.com,344-555-0181
29655,Ms.,Nicky,E.,Chesnut,Full-Service Bike Store,nicky0@adventure-works.com,264-555-0164
29659,Ms.,Ruth,A.,Choin,Genuine Bike Shop,ruth1@adventure-works.com,273-555-0181
29660,Mr.,Anthony,NULL,Chor,Extreme Riding Supplies,anthony0@adventure-works.com,429-555-0145
29662,Ms.,Jill,J.,Christie,Fleet Bikes,jill1@adventure-works.com,927-555-0198
29663,Ms.,Alice,NULL,Clark,Local Hardware Factory,alice1@adventure-works.com,221-555-0141
29666,Ms.,Jane,NULL,Clayton,South Bike Company,jane1@adventure-works.com,206-555-0195
29668,Ms.,Connie,L.,Coffman,Discount Bicycle Specialists,connie0@adventure-works.com,426-555-0181
29671,Mr.,Pat,NULL,Coleman,Machines & Cycles Store,pat2@adventure-works.com,292-555-0128
29673,Mr.,John,L.,Colon,Two Wheels Cycle Store,john14@adventure-works.com,397-555-0144
29674,Mr.,Scott,A.,Colvin,Westside Cycle Store,scott1@adventure-works.com,119-555-0144
29677,Mr.,William,J.,Conner,Urban Sports Emporium,william1@adventure-works.com,383-555-0111
29680,Ms.,Dorothy,J.,Contreras,Sixth Bike Store,dorothy0@adventure-works.com,428-555-0176
29682,Mr.,Scott,NULL,Cooper,Vehicle Shop,scott2@adventure-works.com,773-555-0182
29683,Ms.,Eva,NULL,Corets,First Department Stores,eva0@adventure-works.com,542-555-0164
29684,Mr.,Marlin,M.,Coriell,Grand Sport Boutique,marlin0@adventure-works.com,941-555-0155
29686,Mr.,Jack,NULL,Creasey,Distinctive Store,jack2@adventure-works.com,539-555-0182
29688,Mr.,Grant,NULL,Culbertson,Handy Bike Services,grant1@adventure-works.com,859-555-0173
29689,Mr.,Scott,NULL,Culp,Friendly Bike Shop,scott3@adventure-works.com,119-555-0167
29690,Mr.,Conor,NULL,Cunningham,Fashionable Bikes and Accessories,conor0@adventure-works.com,115-555-0113
29692,Mr.,Thierry,NULL,D'Hers,Citywide Service and Repair,thierry1@adventure-works.com,680-555-0192
29695,Ms.,Megan,N.,Davis,Rugged Bikes,megan1@adventure-works.com,839-555-0198
29696,Sr.,Alvaro,NULL,De Matos Miranda Filho,Principal Bike Company,alvaro0@adventure-works.com,551-555-0155
29698,Mr.,Jacob,N.,Dean,Finer Riding Supplies,jacob0@adventure-works.com,767-555-0151
29699,Mr.,Alexander,J.,Deborde,Neighborhood Store,alexander1@adventure-works.com,394-555-0176
29702,Ms.,Aidan,NULL,Delaney,Paint Supply,aidan0@adventure-works.com,358-555-0188
29703,Mr.,Stefan,NULL,Delmarco,Preferred Bikes,stefan0@adventure-works.com,819-555-0186
29705,Ms.,Della,F.,Demott Jr,Rewarding Activities Company,della0@adventure-works.com,752-555-0185
29708,Mr.,Prashanth,NULL,Desai,Stationary Bikes and Stands,prashanth0@adventure-works.com,138-555-0156
29709,Ms.,Bev,L.,Desalvo,Successful Sales Company,bev0@adventure-works.com,143-555-0113
29710,Ms.,Brenda,NULL,Diaz,Downtown Hotel,brenda2@adventure-works.com,147-555-0192
29711,Ms.,Gabriele,NULL,Dickmann,Certified Sports Supply,gabriele0@adventure-works.com,835-555-0116
29713,Mr.,Dick,NULL,Dievendorff,Rampart Amusement Company,dick1@adventure-works.com,1 (11) 500 555-0193
29714,Mr.,Rudolph,J.,Dillon,Sundry Sporting Goods,rudolph0@adventure-works.com,722-555-0169
29716,Mr.,Blaine,NULL,Dockter,Farthermost Bike Shop,blaine0@adventure-works.com,156-555-0187
29717,Ms.,Cindy,M.,Dodd,Suburban Cycle Shop,cindy0@adventure-works.com,706-555-0140
29719,Ms.,Patricia,NULL,Doyle,Racing Bike Outlet,patricia0@adventure-works.com,899-555-0134
29720,Mr.,Gerald,M.,Drury,Utilitarian Sporting Goods,gerald0@adventure-works.com,169-555-0178
29722,Mr.,Reuben,NULL,D'sa,Vigorous Exercise Company,reuben1@adventure-works.com,916-555-0137
29727,Mr.,Bart,NULL,Duncan,Stock Parts and Supplies,bart0@adventure-works.com,539-555-0121
29728,Mr.,Maciej,NULL,Dusza,Roadway Supplies,maciej1@adventure-works.com,962-555-0144
29730,Ms.,Linda,R.,Ecoffey,Future Bikes,linda5@adventure-works.com,674-555-0188
29732,Ms.,Carol,B.,Elliott,Satin Finish Company,carol2@adventure-works.com,847-555-0151
29733,Ms.,Shannon,P.,Elliott,Regional Manufacturing,shannon0@adventure-works.com,425-555-0158
29734,Ms.,Jauna,E.,Elson,Original Bicycle Supply Company,jauna0@adventure-works.com,185-555-0190
29736,Mr.,Terry,NULL,Eminhizer,Action Bicycle Specialists,terry1@adventure-works.com,1 (11) 500 555-0176
29737,Mr.,John,NULL,Emory,Roadway Bike Emporium,john16@adventure-works.com,691-555-0149
29738,Ms.,Gail,NULL,Erickson,Sleek Bikes ,gail1@adventure-works.com,834-555-0132
29739,Mr.,Mark,B,Erickson,Retail Sporting Equipment,mark2@adventure-works.com,962-555-0112
29740,Ms.,Martha,R.,Espinoza,Price-Cutter Discount Bikes,martha0@adventure-works.com,753-555-0179
29741,Sra.,Janeth,NULL,Esteves,Central Bicycle Specialists,janeth1@adventure-works.com,1 (11) 500 555-0136
29742,Ms.,Twanna,R.,Evans,Vast Bike Sales and Rental,twanna0@adventure-works.com,554-555-0124
29743,Ms.,Ann,R.,Evans,Summer Sports Place,ann1@adventure-works.com,252-555-0127
29744,Mr.,John,NULL,Evans,Real Sporting Goods,john17@adventure-works.com,581-555-0172
29747,Ms.,Carolyn,NULL,Farino,The Bike Shop,carolyn0@adventure-works.com,957-555-0125
29748,Ms.,Geri,P.,Farrell,Safe Toys,geri0@adventure-works.com,329-555-0183
29750,Ms.,Rhoda,J.,Finley,Our Sporting Goods Store,rhoda0@adventure-works.com,920-555-0191
29753,Ms.,Kathie,NULL,Flood,Coho Sports,kathie1@adventure-works.com,627-555-0192
29755,Ms.,Kelly,NULL,Focht,Quick Delivery Service,kelly0@adventure-works.com,272-555-0123
29757,Mr.,Garth,NULL,Fort,Basic Sports Equipment,garth0@adventure-works.com,768-555-0125
29758,Ms.,Dorothy,J.,Fox,Cash & Carry Bikes,dorothy1@adventure-works.com,191-555-0198
29761,Ms.,Susan,E.,French,General Bike Corporation,susan3@adventure-works.com,994-555-0194
29763,Mr.,Mihail,NULL,Frintu,Retail Cycle Shop,mihail1@adventure-works.com,777-555-0163
29764,Mr.,John,NULL,Ford,Social Activities Club,john19@adventure-works.com,596-555-0153
29765,Mr.,Paul,J.,Fulton,Blue Bicycle Company,paul3@adventure-works.com,492-555-0146
29766,Mr.,Bob,NULL,Gage,General Riding Supplies,bob1@adventure-works.com,962-555-0175
29768,Mr.,Michael,NULL,Galos,Riding Excursions,michael15@adventure-works.com,912-555-0149
29769,Mr.,Jon,NULL,Ganio,Unique Bikes,jon0@adventure-works.com,672-555-0112
29770,Ms.,Kathleen,M.,Garza,Rural Cycle Emporium,kathleen0@adventure-works.com,150-555-0127
29771,Mr.,Dominic,P.,Gash,Associated Bikes,dominic0@adventure-works.com,192-555-0173
29772,Ms.,Janet,M.,Gates,Modular Cycle Systems,janet1@adventure-works.com,710-555-0173
29773,Mr.,Orlando,N.,Gee,A Bike Store,orlando0@adventure-works.com,245-555-0173
29774,Mr.,Darren,NULL,Gehring,Journey Sporting Goods,darren0@adventure-works.com,417-555-0182
29775,Mr.,Jim,NULL,Geist,Two Bike Shops,jim1@adventure-works.com,724-555-0161
29776,Ms.,Barbara,J.,German,Cycles Wholesaler & Mfg.,barbara4@adventure-works.com,1 (11) 500 555-0181
29778,Mr.,Leo,NULL,Giakoumakis,Number One Bike Co.,leo0@adventure-works.com,1 (11) 500 555-0169
29780,Mr.,Frances,J.,Giglio,Standard Bikes,frances1@adventure-works.com,692-555-0136
29781,Mr.,Guy,NULL,Gilbert,The Bicycle Accessories Company,guy0@adventure-works.com,583-555-0198
29782,Ms.,Janet,J.,Gilliat,Active Systems,janet2@adventure-works.com,521-555-0183
29783,Ms.,Mary,M.,Gimmi,Futuristic Sport Distributors,mary6@adventure-works.com,149-555-0196
29784,Ms.,Jeanie,R.,Glenn,Big-Time Bike Store,jeanie0@adventure-works.com,669-555-0149
29785,Ms.,Diane,R.,Glimp,The Showroom,diane3@adventure-works.com,898-555-0137
29787,Mr.,Scott,NULL,Gode,Year-Round Sports,scott4@adventure-works.com,164-555-0145
29788,Mr.,Mete,NULL,Goktepe,The New Bike Store,mete0@adventure-works.com,637-555-0120
29789,Mr.,Brian,R,Goldstein,Primary Bike Distributors,brian4@adventure-works.com,495-555-0161
29792,Ms.,Abigail,J.,Gonzalez,Genial Bike Associates,abigail0@adventure-works.com,121-555-0139
29793,Mr.,Michael,NULL,Graff,Commercial Sporting Goods,michael16@adventure-works.com,132-555-0150
29794,Mr.,Derek,NULL,Graham,Wholesale Parts,derek0@adventure-works.com,674-555-0187
29796,Mr.,Jon,NULL,Grande,Riding Cycles,jon1@adventure-works.com,1 (11) 500 555-0114
29797,Ms.,Jane,P.,Greer,Metro Manufacturing,jane2@adventure-works.com,737-555-0163
29799,Mr.,Douglas,NULL,Groncki,Locks Company,douglas2@adventure-works.com,385-555-0140
29800,Mr.,Brian,NULL,Groth,Latest Accessories Sales,brian5@adventure-works.com,461-555-0118
29803,Ms.,Hattie,J.,Haemon,Greater Bike Store,hattie0@adventure-works.com,141-555-0172
29805,Ms.,Erin,M.,Hagens,Distant Inn,erin1@adventure-works.com,244-555-0127
29806,Ms.,Betty,M.,Haines,Finer Mart,betty0@adventure-works.com,867-555-0114
29807,Mr.,Bryan,NULL,Hamilton,Cross-Country Riding Supplies,bryan2@adventure-works.com,344-555-0144
29809,Mr.,Kerim,NULL,Hanif,Bike World,kerim0@adventure-works.com,216-555-0122
29810,Ms.,Jean,P.,Handley,Central Discount Store,jean1@adventure-works.com,582-555-0113
29813,Ms.,Katherine,NULL,Harding,Sharp Bikes,katherine0@adventure-works.com,926-555-0159
29815,Mr.,Lucy,NULL,Harrington,Metropolitan Sports Supply,lucy0@adventure-works.com,828-555-0186
29816,Mr.,Keith,NULL,Harris,Progressive Sports,keith0@adventure-works.com,170-555-0127
29818,Mr.,Roger,NULL,Harui,Brakes and Gears,roger0@adventure-works.com,774-555-0133
29819,Ms.,Ann,T.,Hass,The Accessories Store,ann2@adventure-works.com,713-555-0168
29822,Mr.,James,B.,Haugh,Family Cycle Store,james8@adventure-works.com,763-555-0120
29824,Ms.,Brenda,F.,Heaney,Superb Sales and Repair,brenda3@adventure-works.com,393-555-0167
29826,Mr.,John,NULL,Hanson,Countryside Company,john20@adventure-works.com,107-555-0117
29827,Ms.,Valerie,M.,Hendricks,First Bike Store,valerie0@adventure-works.com,859-555-0140
29830,Mr.,Kari,NULL,Hensien,General Department Stores,kari0@adventure-works.com,143-555-0129
29831,Ms.,Irene,J.,Hernandez,Operational Manufacturing,irene0@adventure-works.com,790-555-0197
29832,Mr.,Jésus,NULL,Hernandez,Online Bike Warehouse,jésus0@adventure-works.com,214-555-0145
29834,Ms.,Cheryl,M.,Herring,Small Bike Shop,cheryl0@adventure-works.com,158-555-0154
29835,Mr.,Ronald,K.,Heymsfield,Superior Hardware Distributors,ronald1@adventure-works.com,784-555-0120
29840,Mr.,Andrew,R.,Hill,Eastside Parts Shop,andrew4@adventure-works.com,194-555-0149
29842,Mr.,Mike,NULL,Hines,First Cycle Store,mike3@adventure-works.com,454-555-0160
29843,Mr.,Matthew,NULL,Hink,Running and Cycling Gear,matthew3@adventure-works.com,146-555-0176
29847,Mr.,David,NULL,Hodgson,Good Toys,david16@adventure-works.com,969-555-0117
29848,Ms.,Helge,NULL,Hoeing,Little Bicycle Supply Shop,helge0@adventure-works.com,850-555-0198
29850,Mr.,Bob,NULL,Hodges,All Seasons Sports Supply,bob2@adventure-works.com,129-555-0120
29851,Ms.,Jean,J.,Holloway,Leisure Clearing House,jean2@adventure-works.com,1 (11) 500 555-0181
29852,Mr.,Eddie,M.,Holmes,The Commissary,eddie0@adventure-works.com,570-555-0199
29853,Ms.,Juanita,J.,Holman,Affordable Sports Equipment,juanita0@adventure-works.com,996-555-0196
29854,Mr.,Peter,NULL,Houston,Local Sales and Rental,peter3@adventure-works.com,632-555-0171
29855,Mr.,Curtis,P.,Howard,Economy Center,curtis0@adventure-works.com,555-555-0162
29857,Ms.,Janice,K.,Hows,Area Sheet Metal Supply,janice1@adventure-works.com,1 (11) 500 555-0119
29858,Mr.,George,M.,Huckaby,Synthetic Materials Manufacturing,george1@adventure-works.com,851-555-0127
29859,Mr.,Joshua,J.,Huff,Rural Sales and Service,joshua0@adventure-works.com,190-555-0186
29860,Ms.,Arlene,NULL,Huff,Tubeless Tire Company,arlene0@adventure-works.com,1 (11) 500 555-0146
29861,Ms.,Phyllis,R.,Huntsman,Hardware Components,phyllis1@adventure-works.com,153-555-0195
29862,Mr.,Lawrence,E.,Hurkett,Retail Sporting Goods,lawrence0@adventure-works.com,129-555-0185
29863,Mr.,Ryan,NULL,Ihrig,Efficient Cycling,ryan4@adventure-works.com,809-555-0152
29864,Ms.,Beth,NULL,Inghram,General Industries,beth0@adventure-works.com,718-555-0152
29865,Mr.,Lucio,NULL,Iallo,Highway Bike Shop,lucio0@adventure-works.com,199-555-0135
29866,Mr.,Richard,L.,Irwin,Rental Bikes,richard4@adventure-works.com,367-555-0124
29867,Mr.,Erik,NULL,Ismert,Roving Sports,erik0@adventure-works.com,116-555-0163
29868,Ms.,Denean,J.,Ison,Express Bike Services,denean0@adventure-works.com,1 (11) 500 555-0127
29870,Mr.,Bronson,R.,Jacobs,Retail Discount Store,bronson0@adventure-works.com,697-555-0131
29871,Mr.,Eric,A.,Jacobsen,Vale Riding Supplies,eric5@adventure-works.com,703-555-0120
29872,Ms.,Jodan,M.,Jacobson,A Great Bicycle Company,jodan0@adventure-works.com,652-555-0189
29873,Ms.,Mary,NULL,Alexander,Certified Bicycle Supply,mary7@adventure-works.com,344-555-0133
29874,Mr.,David,NULL,Jaffe,Exceptional Cycle Services,david17@adventure-works.com,1 (11) 500 555-0140
29876,Ms.,Vance,P.,Johns,Leisure Activities,vance0@adventure-works.com,103-555-0151
29877,Ms.,Joyce,NULL,Jarvis,Paints and Solvents Company,joyce0@adventure-works.com,458-555-0179
29879,Mr.,Stephen,Yuan,Jiang,Bikes for Kids and Adults,stephen3@adventure-works.com,910-555-0116
29881,Ms.,Danielle,B.,Johnson,Home Town Bike Store,danielle1@adventure-works.com,356-555-0190
29883,Mr.,Barry,NULL,Johnson,Sample Bike Store,barry1@adventure-works.com,858-555-0140
29884,Mr.,Brian,NULL,Johnson,Extras Sporting Goods,brian6@adventure-works.com,320-555-0134
29885,Mr.,David,NULL,Johnson,Sure & Reliable Sporting Goods,david18@adventure-works.com,476-555-0139
29889,Ms.,Jean,NULL,Jordan,Separate Parts Corporation,jean3@adventure-works.com,207-555-0129
29890,Ms.,Peggy,J.,Justice,Basic Bike Company,peggy0@adventure-works.com,170-555-0189
29891,Ms.,Diane,F.,Krane,Fabrikam Inc., West,diane4@adventure-works.com,224-555-0126
29892,Ms.,Sandra,T.,Kitt,Non-Slip Pedal Company,sandra2@adventure-works.com,303-555-0117
29893,Mr.,Sandeep,NULL,Kaliyath,Weekend Bike Tours,sandeep1@adventure-works.com,495-555-0113
29895,Ms.,Lori,NULL,Kane,General Supplies,lori2@adventure-works.com,765-555-0141
29897,Ms.,Kay,E.,Krane,Racing Toys,kay0@adventure-works.com,731-555-0187
29898,Mr.,Sandeep,NULL,Katyal,Capable Sales and Service,sandeep2@adventure-works.com,928-555-0117
29900,Mr.,Victor,A.,Kelley,Road Way Sales and Rental,victor0@adventure-works.com,112-555-0195
29901,Mr.,John,NULL,Kelly,Sturdy Toys,john22@adventure-works.com,330-555-0116
29902,Mr.,Robert,NULL,Kelly,Beneficial Exercises and Activities,robert7@adventure-works.com,510-555-0123
29903,Mr.,Kevin,NULL,Kennedy,Fad Outlet,kevin4@adventure-works.com,275-555-0179
29904,Ms.,Mary,R.,Kesslep,Commerce Bicycle Specialists,mary8@adventure-works.com,1 (11) 500 555-0146
29905,Ms.,Elizabeth,NULL,Keyser,Acceptable Sales & Service,elizabeth2@adventure-works.com,656-555-0173
29906,Mr.,Imtiaz,NULL,Khan,District Mall,imtiaz0@adventure-works.com,249-555-0179
29907,Ms.,Karan,NULL,Khanna,Fitness Supplies,karan1@adventure-works.com,390-555-0150
29908,Mr.,Joe,NULL,Kim,Mail Market,joe1@adventure-works.com,1 (11) 500 555-0144
29910,Mr.,Shane,S.,Kim,Twelfth Bike Store,shane2@adventure-works.com,155-555-0149
29911,Mr.,Tim,NULL,Kim,Consolidated Messenger,tim0@adventure-works.com,244-555-0115
29913,Mr.,Anton,NULL,Kirilov,Field Trip Store,anton0@adventure-works.com,608-555-0162
29914,Mr.,Christian,NULL,Kleinerman,Finish and Sealant Products,christian1@adventure-works.com,362-555-0177
29915,Mr.,Andrew,P.,Kobylinski,Finer Parts Shop,andrew5@adventure-works.com,129-555-0185
29918,Mr.,Kirk,T,King,Up-To-Date Sports,kirk2@adventure-works.com,979-555-0163
29919,Mr.,Eugene,NULL,Kogan,Mountain Bike Center,eugene2@adventure-works.com,136-555-0134
29920,Mr.,Scott,NULL,Konersmann,Specialty Sports Store,scott6@adventure-works.com,556-555-0192
29921,Ms.,Joy,R.,Koski,Scooters and Bikes Store,joy0@adventure-works.com,810-555-0198
29922,Ms.,Pamala,M.,Kotc,Closest Bicycle Store,pamala0@adventure-works.com,1 (11) 500 555-0173
29924,Mr.,Mitch,NULL,Kennedy,Reasonable Bicycle Sales,mitch0@adventure-works.com,996-555-0192
29925,Ms.,Margaret,T.,Krupka,Outdoor Sports Supply,margaret1@adventure-works.com,107-555-0132
29926,Mr.,Deepak,NULL,Kumar,Outdoor Aerobic Systems Company,deepak0@adventure-works.com,1 (11) 500 555-0122
29928,Mr.,Vamsi,NULL,Kuppa,Metal Clearing House,vamsi1@adventure-works.com,290-555-0196
29929,Mr.,Jeffrey,NULL,Kurtz,Many Bikes Store,jeffrey3@adventure-works.com,452-555-0179
29930,Mr.,Peter,NULL,Kurniawan,Largest Bike Store,peter4@adventure-works.com,436-555-0160
29931,Mr.,Eric,NULL,Lang,Kickstands and Accessories Company,eric6@adventure-works.com,932-555-0163
29932,Ms.,Rebecca,NULL,Laszlo,Instruments and Parts Company,rebecca2@adventure-works.com,1 (11) 500 555-0155
29934,Mr.,David,O,Lawrence,Gear-Shift Bikes Limited,david19@adventure-works.com,653-555-0159
29935,Ms.,Elsa,NULL,Leavitt,Frugal Bike Shop,elsa0@adventure-works.com,482-555-0174
29936,Mr.,Michael,J.,Lee,Family Entertainment Center,michael18@adventure-works.com,396-555-0139
29937,Ms.,Marjorie,M.,Lee,Go-cart and Bike Specialists,marjorie0@adventure-works.com,306-555-0166
29938,Mr.,Frank,NULL,Campbell,Trailblazing Sports,frank4@adventure-works.com,491-555-0132
29939,Mr.,Mark,NULL,Lee,Racing Partners,mark5@adventure-works.com,371-555-0112
29941,Ms.,Jolie,NULL,Lenehan,Exhibition Showroom,jolie0@adventure-works.com,1 (11) 500 555-0126
29942,Mr.,Roger,NULL,Lengel,Authorized Bike Sales and Rental,roger1@adventure-works.com,947-555-0143
29943,NULL,A.,Francesca,Leonetti,Two-Seater Bikes,a0@adventure-works.com,645-555-0193
29944,Ms.,Bonnie,B.,Lepro,More Bikes!,bonnie2@adventure-works.com,354-555-0130
29946,Ms.,Linda,NULL,Leste,National Manufacturing,linda7@adventure-works.com,493-555-0134
29948,Ms.,Elsie,L.,Lewin,Town Industries,elsie0@adventure-works.com,803-555-0116
29949,Mr.,George,Z.,Li,Security Racks and Locks Wholesalers,george3@adventure-works.com,699-555-0183
29950,Mr.,Yale,NULL,Li,Rapid Bikes,yale0@adventure-works.com,316-555-0138
29952,Ms.,Yuhong,NULL,Li,Nearby Sporting Goods,yuhong1@adventure-works.com,1 (11) 500 555-0176
29953,Mr.,Joseph,M.,Lique,Front Sporting Goods,joseph2@adventure-works.com,119-555-0195
29954,Mr.,Paulo,H.,Lisboa,Elite Bikes,paulo0@adventure-works.com,380-555-0116
29955,Mr.,David,J.,Liu,Catalog Store,david20@adventure-works.com,440-555-0132
29956,NULL,Jinghao,NULL,Liu,Chic Department Stores,jinghao1@adventure-works.com,928-555-0116
29957,Mr.,Kevin,NULL,Liu,Eastside Department Store,kevin5@adventure-works.com,926-555-0164
29959,Mr.,Todd,R.,Logan,Cycle Merchants,todd0@adventure-works.com,783-555-0110
29962,Ms.,Sharon,J.,Looney,Fitness Hotel,sharon2@adventure-works.com,377-555-0132
29964,Ms.,Anita,R.,Lucerne,Grand Industries,anita0@adventure-works.com,164-555-0118
29967,Ms.,Judy,R.,Lundahl,Leading Sales & Repair,judy1@adventure-works.com,260-555-0130
29969,Mr.,Robert,P.,Lyeba,Tandem Sales and Service,robert8@adventure-works.com,631-555-0155
29971,Mr.,Robert,NULL,Lyon,Reliable Retail Center,robert9@adventure-works.com,666-555-0143
29973,Ms.,Denise,R.,Maccietto,Friendly Bike Shop,denise1@adventure-works.com,537-555-0190
29974,Mr.,Scott,NULL,MacDonald,Yellow Bicycle Company,scott7@adventure-works.com,470-555-0171
29975,Mr.,Walter,J.,Mays,Sports Products Store,walter1@adventure-works.com,245-555-0191
29978,Mr.,Ajay,NULL,Manchepalli,Shipping Specialists,ajay0@adventure-works.com,1 (11) 500 555-0174
29980,Mr.,Tomas,M.,Manzanares,Authentic Sales and Service,tomas0@adventure-works.com,1 (11) 500 555-0178
29981,Ms.,Kathy,R.,Marcovecchio,Official Parts Shop,kathy0@adventure-works.com,942-555-0141
29982,Ms.,Melissa,R.,Marple,Discount Tours,melissa0@adventure-works.com,685-555-0117
29983,Ms.,Cecelia,L.,Marshall,Tire Exchange,cecelia0@adventure-works.com,394-555-0168
29985,Ms.,Linda,NULL,Martin,Oils and Fluids Warehouse,linda8@adventure-works.com,1 (11) 500 555-0137
29987,Mr.,Frank,NULL,Mart¡nez,Rally Master Company Inc,frank5@adventure-works.com,171-555-0147
29988,Mr.,Steve,NULL,Masters,Professional Cyclists,steve2@adventure-works.com,154-555-0115
29990,Ms.,Jennifer,J.,Maxham,Exclusive Bicycle Mart,jennifer1@adventure-works.com,1 (11) 500 555-0175
29991,Mr.,Chris,NULL,Maxwell,City Manufacturing,chris6@adventure-works.com,642-555-0187
29992,Ms.,Sandra,B.,Maynard,Bike Dealers Association,sandra4@adventure-works.com,993-555-0179
29994,Ms.,Robin,M.,McGuigan,Health Spa, Limited,robin0@adventure-works.com,431-555-0153
29997,Ms.,Lola,M.,McCarthy,Closeout Boutique,lola0@adventure-works.com,173-555-0151
29998,Ms.,Jane,A.,McCarty,Bicycle Merchandise Warehouse,jane3@adventure-works.com,529-555-0195
30000,Mr.,James,L.,McCoy,Leather Seat Factory,james12@adventure-works.com,191-555-0151
30003,Ms.,Yvonne,NULL,McKay,Practical Bike Supply Company,yvonne1@adventure-works.com,623-555-0144
30004,Ms.,Nkenge,NULL,McLin,Some Discount Store,nkenge0@adventure-works.com,158-555-0123
30005,Ms.,Nancy,A.,McPhearson,Variety Cycling,nancy3@adventure-works.com,1 (11) 500 555-0195
30007,Ms.,Raquel,NULL,Mello,Remote Bicycle Specialists,raquel0@adventure-works.com,723-555-0124
30008,Mr.,R. Morgan,L.,Mendoza,Friendly Neighborhood Bikes,rmorgan0@adventure-works.com,963-555-0146
30010,Mr.,Stephen,A.,Mew,Recommended Bicycles,stephen4@adventure-works.com,399-555-0114
30012,Ms.,Helen,M.,Meyer,Alpine Ski House,helen2@adventure-works.com,519-555-0112
30016,Mr.,Thomas,R.,Michaels,Seats and Saddles Company,thomas2@adventure-works.com,162-555-0174
30018,Ms.,Virginia,L.,Miller,All Cycle Shop,virginia0@adventure-works.com,918-555-0127
30019,Mr.,Matthew,J.,Miller,Tachometers and Accessories,matthew5@adventure-works.com,1 (11) 500 555-0176
30021,Mr.,Ben,NULL,Miller,Low Price Cycles,ben1@adventure-works.com,207-555-0167
30022,Mr.,Dylan,NULL,Miller,Metropolitan Manufacturing,dylan1@adventure-works.com,140-555-0192
30023,Mr.,Frank,NULL,Miller,Orange Bicycle Company,frank6@adventure-works.com,118-555-0184
30024,Ms.,Neva,M.,Mitchell,Riding Associates,neva0@adventure-works.com,992-555-0134
30025,Ms.,Linda,NULL,Mitchell,Essential Bike Works,linda9@adventure-works.com,1 (11) 500 555-0182
30027,Mr.,Joseph,P.,Mitzner,Engineered Bike Systems,joseph4@adventure-works.com,129-555-0164
30028,Ms.,Laura,C.,Steele,Professional Containers and Packaging Co.,laura3@adventure-works.com,741-555-0173
30029,Ms.,Shanay,B.,Steelman,One Bike Company,shanay0@adventure-works.com,797-555-0118
30030,Mr.,Stefano,NULL,Stefani,Cycling Goods,stefano0@adventure-works.com,1 (11) 500 555-0115
30031,Mr.,Alan,NULL,Steiner,Cycle Clearance,alan4@adventure-works.com,792-555-0194
30032,Mr.,Derik,NULL,Stenerson,Black Bicycle Company,derik0@adventure-works.com,441-555-0144
30033,Mr.,Vassar,J.,Stern,Transport Bikes,vassar0@adventure-works.com,328-555-0123
30034,Ms.,Wathalee,R.,Steuber,Sellers of Cycles,wathalee0@adventure-works.com,517-555-0120
30035,Ms.,Alice,M.,Steiner,Maintenance and Repair for Bicycles,alice4@adventure-works.com,355-555-0180
30036,Ms.,Liza Marie,N.,Stevens,Fitness Department Stores,lizamarie0@adventure-works.com,366-555-0110
30037,Mr.,Jim,NULL,Stewart,Famous Bike Shop,jim5@adventure-works.com,226-555-0110
30039,Mr.,Robert,B.,Stotka,Gift and Toy Store,robert12@adventure-works.com,493-555-0185
30040,Ms.,Kayla,M.,Stotler,Major Sporting Goods,kayla0@adventure-works.com,315-555-0131
30042,Ms.,Ruby Sue,R.,Styles,Major Cycling,rubysue0@adventure-works.com,512-555-0122
30044,Mr.,Gary,J.,Suess,Downhill Bicycle Specialists,gary5@adventure-works.com,1 (11) 500 555-0199
30045,Ms.,Ruth,J.,Suffin,Bike Experts,ruth2@adventure-works.com,924-555-0195
30046,Ms.,Elizabeth,J.,Sullivan,Extraordinary Bike Works,elizabeth4@adventure-works.com,306-555-0112
30047,Mr.,Michael,NULL,Sullivan,Valley Bicycle Distributors,michael24@adventure-works.com,323-555-0113
30048,Ms.,Marcia,J.,Sultan,Top Sports Supply,marcia0@adventure-works.com,613-555-0116
30050,Mr.,Krishna,NULL,Sunkammurali,Metropolitan Bicycle Supply,krishna1@adventure-works.com,1 (11) 500 555-0177
30051,Mr.,Brad,NULL,Sutton,Honest Repair Service,brad0@adventure-works.com,688-555-0115
30052,Mr.,Abraham,L.,Swearengin,Wheel Gallery,abraham0@adventure-works.com,926-555-0136
30053,Ms.,Katherine,K.,Swan,Top Bike Market,katherine1@adventure-works.com,421-555-0192
30055,Ms.,Julie,NULL,Taft-Rider,Bicycle Lines Distributors,julie1@adventure-works.com,145-555-0194
30056,Mr.,Clarence,R.,Tatman,Sparkling Paint and Finishes,clarence0@adventure-works.com,787-555-0128
30058,Mr.,Mike,M.,Taylor,Plastic Parts Company,mike6@adventure-works.com,204-555-0189
30061,Mr.,Chad,J.,Tedford,Big Cycle Mall,chad1@adventure-works.com,588-555-0128
30063,Ms.,Vanessa,J.,Tench,Eighth Bike Store,vanessa0@adventure-works.com,785-555-0163
30064,Ms.,Judy,J.,Thames,Demand Distributors,judy3@adventure-works.com,799-555-0118
30067,Ms.,Phyllis,A.,Thomas,Red Bicycle Company,phyllis2@adventure-works.com,667-555-0112
30069,Mr.,Donald,M.,Thompson,Trendy Department Stores,donald1@adventure-works.com,273-555-0111
30070,Ms.,Kendra,N.,Thompson,Vintage Sport Boutique,kendra0@adventure-works.com,464-555-0188
30071,Mr.,Daniel,P.,Thompson,Travel Sports,daniel2@adventure-works.com,247-555-0197
30072,Ms.,Andrea,A.,Thomsen,West Side Mart,andrea1@adventure-works.com,1 (11) 500 555-0120
30074,Ms.,Yuping,NULL,Tian,Tenth Bike Store,yuping0@adventure-works.com,744-555-0123
30076,Ms.,Diane,NULL,Tibbott,Fun Times Club,diane5@adventure-works.com,847-555-0184
30080,Ms.,Delia,B.,Toone,Wingtip Toys,delia0@adventure-works.com,328-555-0192
30083,Mr.,Glenn,J.,Track,Active Life Toys,glenn0@adventure-works.com,907-555-0170
30087,Mr.,Billy,J.,Trent,Quick Parts and Service,billy0@adventure-works.com,882-555-0115
30089,Mr.,Michael John,R.,Troyer,Thrifty Parts and Sales,michaeljohn0@adventure-works.com,308-555-0175
30090,Ms.,Christie,J.,Trujillo,A Typical Bike Shop,christie0@adventure-works.com,686-555-0180
30093,Ms.,Phyllis,B.,Tuffield,Fasteners & Bolts Outlet,phyllis3@adventure-works.com,277-555-0182
30094,Mr.,Sairaj,NULL,Uddin,Quantity Discounts,sairaj1@adventure-works.com,767-555-0193
30095,Mr.,Sunil,NULL,Uppal,Swift Cycles,sunil0@adventure-works.com,184-555-0187
30098,Ms.,Esther,K.,Valle,Large Bike Shop,esther0@adventure-works.com,481-555-0131
30100,Mr.,Jessie,E.,Valerio,Wire Baskets and Parts,jessie0@adventure-works.com,103-555-0179
30102,Mr.,Roger,NULL,Van Houten,Sports Store,roger2@adventure-works.com,1 (11) 500 555-0110
30104,Ms.,Rose,M.,Vandenouer,Extended Tours,rose1@adventure-works.com,1 (11) 500 555-0140
30105,Mr.,Gregory,T.,Vanderbout,Convenient Sales and Service,gregory1@adventure-works.com,684-555-0134
30106,Mr.,Michael,NULL,Vanderhyde,Solid Bike Parts,michael25@adventure-works.com,918-555-0141
30107,Ms.,Margaret,J.,Vanderkamp,Permanent Finish Products,margaret2@adventure-works.com,265-555-0143
30108,Ms.,Kara,N.,Vanderlinden,Mercantile Outlet,kara0@adventure-works.com,680-555-0160
30109,Mr.,Nieves,J.,Vargas,Exhilarating Cycles,nieves0@adventure-works.com,371-555-0184
30110,Mr.,Gary,T,Vargas,Exercise Center,gary6@adventure-works.com,112-555-0176
30111,Mr.,Ranjit,Rudra,Varkey Chudukatil,Great Bicycle Supply,ranjit1@adventure-works.com,810-555-0160
30112,Ms.,Patricia,M.,Vasquez,Mail-Order Outlet,patricia2@adventure-works.com,490-555-0132
30113,Mr.,Raja,D.,Venugopal,Nearby Cycle Shop,raja0@adventure-works.com,1 (11) 500 555-0195
30115,Ms.,Dora,P.,Verdad,Retreat Inn,dora0@adventure-works.com,155-555-0140
30116,Ms.,Wanda,F.,Vernon,Technical Parts Manufacturing,wanda0@adventure-works.com,433-555-0168
30117,Mr.,Robert,R.,Vessa,Totes & Baskets Company,robert13@adventure-works.com,560-555-0171
30118,Ms.,Caroline,A.,Vicknair,World of Bikes,caroline0@adventure-works.com,695-555-0158


